CREATE DATABASE  IF NOT EXISTS `tamagotchi` /*!40100 DEFAULT CHARACTER SET utf8mb4 COLLATE utf8mb4_unicode_ci */;
USE `tamagotchi`;
-- MySQL dump 10.13  Distrib 8.0.15, for Win64 (x86_64)
--
-- Host: localhost    Database: tamagotchi
-- ------------------------------------------------------
-- Server version	8.0.15

/*!40101 SET @OLD_CHARACTER_SET_CLIENT=@@CHARACTER_SET_CLIENT */;
/*!40101 SET @OLD_CHARACTER_SET_RESULTS=@@CHARACTER_SET_RESULTS */;
/*!40101 SET @OLD_COLLATION_CONNECTION=@@COLLATION_CONNECTION */;
 SET NAMES utf8 ;
/*!40103 SET @OLD_TIME_ZONE=@@TIME_ZONE */;
/*!40103 SET TIME_ZONE='+00:00' */;
/*!40014 SET @OLD_UNIQUE_CHECKS=@@UNIQUE_CHECKS, UNIQUE_CHECKS=0 */;
/*!40014 SET @OLD_FOREIGN_KEY_CHECKS=@@FOREIGN_KEY_CHECKS, FOREIGN_KEY_CHECKS=0 */;
/*!40101 SET @OLD_SQL_MODE=@@SQL_MODE, SQL_MODE='NO_AUTO_VALUE_ON_ZERO' */;
/*!40111 SET @OLD_SQL_NOTES=@@SQL_NOTES, SQL_NOTES=0 */;

--
-- Table structure for table `child_parent`
--

DROP TABLE IF EXISTS `child_parent`;
/*!40101 SET @saved_cs_client     = @@character_set_client */;
 SET character_set_client = utf8mb4 ;
CREATE TABLE `child_parent` (
  `child_id` int(10) unsigned NOT NULL,
  `parent_id` int(10) unsigned NOT NULL,
  PRIMARY KEY (`child_id`,`parent_id`),
  KEY `parent_id` (`parent_id`),
  CONSTRAINT `child_parent_ibfk_1` FOREIGN KEY (`child_id`) REFERENCES `children` (`pk`) ON DELETE CASCADE,
  CONSTRAINT `child_parent_ibfk_2` FOREIGN KEY (`parent_id`) REFERENCES `users` (`pk`) ON DELETE CASCADE
) ENGINE=InnoDB DEFAULT CHARSET=utf8mb4 COLLATE=utf8mb4_unicode_ci;
/*!40101 SET character_set_client = @saved_cs_client */;

--
-- Dumping data for table `child_parent`
--

LOCK TABLES `child_parent` WRITE;
/*!40000 ALTER TABLE `child_parent` DISABLE KEYS */;
INSERT INTO `child_parent` VALUES (72,10),(65,23),(72,23),(81,23),(65,24),(65,54),(89,54),(98,54),(65,66),(81,68),(98,111);
/*!40000 ALTER TABLE `child_parent` ENABLE KEYS */;
UNLOCK TABLES;

--
-- Table structure for table `children`
--

DROP TABLE IF EXISTS `children`;
/*!40101 SET @saved_cs_client     = @@character_set_client */;
 SET character_set_client = utf8mb4 ;
CREATE TABLE `children` (
  `pk` int(10) unsigned NOT NULL AUTO_INCREMENT,
  `name` varchar(50) COLLATE utf8mb4_unicode_ci NOT NULL,
  `group_id` int(10) unsigned NOT NULL,
  PRIMARY KEY (`pk`),
  KEY `group_id` (`group_id`),
  CONSTRAINT `children_ibfk_2` FOREIGN KEY (`group_id`) REFERENCES `groups` (`pk`) ON DELETE CASCADE
) ENGINE=InnoDB AUTO_INCREMENT=99 DEFAULT CHARSET=utf8mb4 COLLATE=utf8mb4_unicode_ci;
/*!40101 SET character_set_client = @saved_cs_client */;

--
-- Dumping data for table `children`
--

LOCK TABLES `children` WRITE;
/*!40000 ALTER TABLE `children` DISABLE KEYS */;
INSERT INTO `children` VALUES (65,'Ava Szomoru',22),(72,'Emma Barba',2),(74,'Eve Simon',3),(81,'David Bondor',22),(87,'Ale Poncu',22),(89,'Philip',3),(97,'Emma Savin',2),(98,'Ada Lasagnaaa',22);
/*!40000 ALTER TABLE `children` ENABLE KEYS */;
UNLOCK TABLES;

--
-- Table structure for table `food`
--

DROP TABLE IF EXISTS `food`;
/*!40101 SET @saved_cs_client     = @@character_set_client */;
 SET character_set_client = utf8mb4 ;
CREATE TABLE `food` (
  `child_id` int(11) unsigned NOT NULL,
  `date` varchar(10) COLLATE utf8mb4_unicode_ci NOT NULL,
  `breakfast` decimal(2,1) DEFAULT NULL,
  `soup` decimal(2,1) DEFAULT NULL,
  `main_dish` decimal(2,1) DEFAULT NULL,
  PRIMARY KEY (`date`,`child_id`),
  KEY `child_id` (`child_id`),
  CONSTRAINT `food_ibfk_1` FOREIGN KEY (`child_id`) REFERENCES `children` (`pk`) ON DELETE CASCADE,
  CONSTRAINT `food_ibfk_2` FOREIGN KEY (`child_id`) REFERENCES `children` (`pk`) ON DELETE CASCADE
) ENGINE=InnoDB DEFAULT CHARSET=utf8mb4 COLLATE=utf8mb4_unicode_ci;
/*!40101 SET character_set_client = @saved_cs_client */;

--
-- Dumping data for table `food`
--

LOCK TABLES `food` WRITE;
/*!40000 ALTER TABLE `food` DISABLE KEYS */;
INSERT INTO `food` VALUES (65,'2019-05-31',0.5,1.0,0.5),(72,'2019-06-06',0.5,1.0,1.0),(81,'2019-06-06',1.0,0.5,0.5),(65,'2019-06-07',0.5,0.0,0.0),(65,'2019-06-13',1.0,1.0,1.0),(72,'2019-06-13',0.5,0.5,0.5);
/*!40000 ALTER TABLE `food` ENABLE KEYS */;
UNLOCK TABLES;

--
-- Table structure for table `groups`
--

DROP TABLE IF EXISTS `groups`;
/*!40101 SET @saved_cs_client     = @@character_set_client */;
 SET character_set_client = utf8mb4 ;
CREATE TABLE `groups` (
  `pk` int(10) unsigned NOT NULL AUTO_INCREMENT,
  `name` varchar(45) COLLATE utf8mb4_unicode_ci NOT NULL,
  `description` varchar(200) COLLATE utf8mb4_unicode_ci DEFAULT NULL,
  PRIMARY KEY (`pk`)
) ENGINE=InnoDB AUTO_INCREMENT=24 DEFAULT CHARSET=utf8mb4 COLLATE=utf8mb4_unicode_ci;
/*!40101 SET character_set_client = @saved_cs_client */;

--
-- Dumping data for table `groups`
--

LOCK TABLES `groups` WRITE;
/*!40000 ALTER TABLE `groups` DISABLE KEYS */;
INSERT INTO `groups` VALUES (2,'Frasin','Children aged three to four.'),(3,'Stejar','uambabaluba'),(22,'Tei','Children aged 2 to 3 and a half.');
/*!40000 ALTER TABLE `groups` ENABLE KEYS */;
UNLOCK TABLES;

--
-- Table structure for table `sleep`
--

DROP TABLE IF EXISTS `sleep`;
/*!40101 SET @saved_cs_client     = @@character_set_client */;
 SET character_set_client = utf8mb4 ;
CREATE TABLE `sleep` (
  `child_id` int(10) unsigned NOT NULL,
  `date` varchar(10) COLLATE utf8mb4_unicode_ci NOT NULL,
  `start_at` int(11) DEFAULT NULL,
  `end_at` int(11) DEFAULT NULL,
  PRIMARY KEY (`child_id`,`date`),
  CONSTRAINT `sleep_ibfk_1` FOREIGN KEY (`child_id`) REFERENCES `children` (`pk`) ON DELETE CASCADE,
  CONSTRAINT `sleep_ibfk_2` FOREIGN KEY (`child_id`) REFERENCES `children` (`pk`) ON DELETE CASCADE
) ENGINE=InnoDB DEFAULT CHARSET=utf8mb4 COLLATE=utf8mb4_unicode_ci;
/*!40101 SET character_set_client = @saved_cs_client */;

--
-- Dumping data for table `sleep`
--

LOCK TABLES `sleep` WRITE;
/*!40000 ALTER TABLE `sleep` DISABLE KEYS */;
INSERT INTO `sleep` VALUES (65,'2019-06-03',NULL,900),(65,'2019-06-06',825,NULL),(65,'2019-06-07',NULL,1005),(72,'2019-06-03',NULL,810),(72,'2019-06-06',795,980),(72,'2019-06-07',1020,NULL),(74,'2019-06-07',NULL,780),(81,'2019-06-05',990,1030),(81,'2019-06-06',885,1115);
/*!40000 ALTER TABLE `sleep` ENABLE KEYS */;
UNLOCK TABLES;

--
-- Table structure for table `user_token`
--

DROP TABLE IF EXISTS `user_token`;
/*!40101 SET @saved_cs_client     = @@character_set_client */;
 SET character_set_client = utf8mb4 ;
CREATE TABLE `user_token` (
  `pk` int(11) NOT NULL AUTO_INCREMENT,
  `user_id` int(11) NOT NULL,
  `token` varchar(256) COLLATE utf8mb4_unicode_ci NOT NULL,
  `expire` int(11) NOT NULL,
  `created` timestamp NOT NULL,
  `refresh_token` varchar(256) COLLATE utf8mb4_unicode_ci NOT NULL,
  PRIMARY KEY (`pk`)
) ENGINE=InnoDB AUTO_INCREMENT=179 DEFAULT CHARSET=utf8mb4 COLLATE=utf8mb4_unicode_ci;
/*!40101 SET character_set_client = @saved_cs_client */;

--
-- Dumping data for table `user_token`
--

LOCK TABLES `user_token` WRITE;
/*!40000 ALTER TABLE `user_token` DISABLE KEYS */;
INSERT INTO `user_token` VALUES (1,20,'eyJhbGciOiJIUzI1NiIsInR5cCI6IkpXVCJ9.eyJpZCI6MjAsImlhdCI6MTU1NjA1MjI1MiwiZXhwIjoxNTU2MTM4NjUyfQ.CowTa0nhlrhaVrFtnOWb4lUAke6kb4WKvgrnhpQWjyY',86400,'2019-04-23 20:44:12',''),(2,20,'eyJhbGciOiJIUzI1NiIsInR5cCI6IkpXVCJ9.eyJpZCI6MjAsImlhdCI6MTU1NjA1MjI3NiwiZXhwIjoxNTU2MTM4Njc2fQ.wxqG_MAXU7wLoKVnHc1_ZW_te_VK1C_eKIHYQZF8QZA',86400,'2019-04-23 20:44:36',''),(3,20,'eyJhbGciOiJIUzI1NiIsInR5cCI6IkpXVCJ9.eyJpZCI6MjAsImlhdCI6MTU1NjEwNzgyNSwiZXhwIjoxNTU2MTk0MjI1fQ._ksz8ug1X2jfZfdkQ8Sk8n67zoZiJMR_lpqSoaDh8-U',86400,'2019-04-24 12:10:25',''),(4,20,'eyJhbGciOiJIUzI1NiIsInR5cCI6IkpXVCJ9.eyJpZCI6MjAsImlhdCI6MTU1NjE5NDY1NiwiZXhwIjoxNTU2MjgxMDU2fQ.vaKF4YwYHpIKGRLnpT40hC_94f3qsnTwKxpSU8sVTLk',86400,'2019-04-25 12:17:36','LODZB4UkMSiam1didrw3h0h3tf1bFX96REdQwPPyTLoOSQTfjvTJUBOLEIr9dIrO8bRyLxtQdYrWEE9XMmocAymL1jaIMrbQIjKpfLRX3fg95TonT6FuZUnTPraztkQ7faIsXmkoTlVCA6isqN07XJ6XrXGeLZO3vdylvsKyHYs43MQ2iNEddsORLHFrs16Ay5iddirhtxRzuu3lziGjSY8tqteCiz9GwRUydIcilNl10kFSgaLXreRnSf51yIhR'),(5,18,'eyJhbGciOiJIUzI1NiIsInR5cCI6IkpXVCJ9.eyJpZCI6MTgsImlhdCI6MTU1NjI1Mjc2NywiZXhwIjoxNTU2MzM5MTY3fQ.6Kx4j3Umvl3T0NupPREo56NswH6IVWt7iShUuRm5faY',86400,'2019-04-26 04:26:07','t2rOUfO7KlVCTxroHcJGNggPwLj08I7tAuG1gjVFFNab4YZtLOpOZkG0fOngktPrSf5XFwMRs4M8lsbhkLSIjmcj5Q5UdsPGhJc75569olAnu9RP2JcYpQbklt09tjb1Y5Y2fHnfBsGAYKQMJmC05jFuKJ8FO9lEPXQnUOS6SijBDIhwoCyBC6ry8lt9pZF04QZVnDe1ZJwA1WUNzJEVgns1m59qqfhLvM2eT1AP86JjTGDlPQwMcRYDLccXAGkj'),(6,18,'eyJhbGciOiJIUzI1NiIsInR5cCI6IkpXVCJ9.eyJpZCI6MTgsImlhdCI6MTU1NjI3NjQ1MSwiZXhwIjoxNTU2MzYyODUxfQ.pxIGkknbYjps60MIeUzK_EpRusbYrJKwlHj4cIjWXKQ',86400,'2019-04-26 11:00:51','fSqA35BlXV9SJtYaW7NUW5xjhrpsl4ffR89JQAEdRuw9P95uZcoMlgwfv34ClJd3CF4bjsSijyFvAT3gbUhvo24i3thA2tknVxIwh0kedVOZKkxJBIWdNapHh6mxPgIdLbY5mLuNqh17qyv2c9uKm6HNCLSL3sVgUZyrjxK8zdJeh2TnH928dxOjcChZAzESJvwdFyDUPA1iXT1AgIarwUtScyXwmCGCfOwnyX86SVtvhKJdNumUQth3qbQoy1wJ'),(7,18,'eyJhbGciOiJIUzI1NiIsInR5cCI6IkpXVCJ9.eyJpZCI6MTgsImlhdCI6MTU1Njc4NjcyOSwiZXhwIjoxNTU2ODczMTI5fQ.kstJT6YbByBLYGHRJ_MJSS5QbXDIlwo2Wt-e8S8GG7E',86400,'2019-05-02 08:45:29','SdNIMyPjhZ39Pgw3NZZKeJ8FKJDyxB4EGggEKo3zlqupVlp6HVCXEOAFU42Msx1Pcv3JveWfKKV1EL2KUKc1n0ncPQdzt3lLuPKcJVpehiNAMpbFJA0TIFSAN9h0yCiVughIV0ihhJtAbyKj9gyy8D1csrLzAfDY6PewH4ouY2xZjPcrOZLBG57y8YzOQedcXo6SgVpc5tdxurgYPoaUs706M2REkxqp5CGmcgNkKCc9ctIXYCdo1BDzEjAINorq'),(8,18,'eyJhbGciOiJIUzI1NiIsInR5cCI6IkpXVCJ9.eyJpZCI6MTgsImlhdCI6MTU1Njc4Njc3NywiZXhwIjoxNTU2ODczMTc3fQ.SrM-mcNczq9QiBzKNScp4GCWymnWV4QU0N5i7R9v2Ho',86400,'2019-05-02 08:46:17','X2QBqVJC6r99rWgBaXayM7hlpc4FbMEbUW8KJwgLqw3lKtuKE8GvbMBgpz9ATSFnICflBMIm5cmqjya5qviicLGEwO7dnjBmHk5bxIBHmUyPQQi3V3T1ycqFRK1weWhkURx1TY0ofZNjMORVGSTxAuej04BRPuEMW6CYRTpMLTUi1SIUalPe6KqHDLkGzscfp2eHvoQOj4Y06YGHYb5ro75hzkgGXcsz4RHNpJ43QhtDvDwZjdmLqpkXqWO1Wuk9'),(9,18,'eyJhbGciOiJIUzI1NiIsInR5cCI6IkpXVCJ9.eyJpZCI6MTgsImlhdCI6MTU1Njc5Mjg0NywiZXhwIjoxNTU2ODc5MjQ3fQ.6v1rEI0dQQ3mPjmRTLsuF-hWsQBWJ1WfGw5MwHC5qyE',86400,'2019-05-02 10:27:27','kVvlMdvXCBSdpXTNDNYpoW1lRwYyIFQlZZ06Qi0fVoAZBa6jP3bR1I0yIpqXfC11LpppMKUbX97FkVoCIqgTg10tjhVPZdNOARskctOrEAGx6UrQudWCaVcq8A9vNrepbUChDWoiwLqMmZSoN1Q2IQymgxAuRBaZDz2UUUH0p5JO8bk1VKFKjOAPcbyZRSQIPkKammZwQe2Bg4YCKb1vJiWsEwVhMFW3Y6Gi4r6mnR3viAoy0S4WvLRy00h1ngCJ'),(10,20,'eyJhbGciOiJIUzI1NiIsInR5cCI6IkpXVCJ9.eyJpZCI6MjAsImlhdCI6MTU1Njc5Mjg5MywiZXhwIjoxNTU2ODc5MjkzfQ.p5xl3EZD70KSMntuxLgLbZX972fALs4oAXKRF4Ooj78',86400,'2019-05-02 10:28:13','1KOG8Jnzx9cqkZqlHKySWBzqA0ZwpnrIAR2Y2CJ6Fm4v3d1v3RfWlPWinmI6G9cS23K2Lv7ykOm7kR2kd4fxxIWdfIVDmWrH3a5EmeIq18z7vmeeRwYtgeZ1e8nFw6HqFOQ8VcELvk73KMSkvpukKl3htqISY7Y6IOa40oV7rNfIUIk2MXtalmaFP12eIQ1h1sJaab2pV6LMkcI2uQIP8ICNmmaGrYvzjwxTISETUGvvQeFJ58Mih6OR3FN9pwfb'),(13,20,'eyJhbGciOiJIUzI1NiIsInR5cCI6IkpXVCJ9.eyJpZCI6MjAsImlhdCI6MTU1Njg3OTgwNCwiZXhwIjoxNTU2OTY2MjA0fQ.q_xIvYx5eCUNSomTuTkuXKwRPyxY0KNF9JfUOQCwDdc',86400,'2019-05-03 10:36:44','I0bCepJF8FSObWT9voQNMrWMWzdLVWUTRXBeAQp950fAb0ddD9yGhsNbZXJSGWMte2fYsoxI6SrHxPNoElcmMXApjfEoF0dQ2Xk2Zxe3cHVlNN74QE6fcWXKphrgaZVBaKTckHtZc1rtGsiNYQLf5b9Q8Tr41EXMUmR8VskfymvDf96mQkyg3COiE0j1ZV8my6xl0iEtMBR1tuIZTddwKn2jp5G75L9bo3fW578e3MPLmBtgWZ16i2dQ5CnJcrtM'),(15,18,'eyJhbGciOiJIUzI1NiIsInR5cCI6IkpXVCJ9.eyJpZCI6MTgsImlhdCI6MTU1NzE3NjQ3OSwiZXhwIjoxNTU3MjYyODc5fQ.sUIWOPFkSA2GgXcgTAycy82TZzHNNp9LPcLmdd4m5H8',86400,'2019-05-06 21:01:19','N5eHHg3Mz2MZC0pggnTfaR08MTojm2XgaBvB4Zf2VC9cuCohVEJy0SuYsIHFaGKbF25WZIH9GWCE7VVJD1GlJ1PsRqmwmzwoFQoTVb2Uakj8OK6afP94fiOsdffKwvjN4EnJRurW9TlUAsDfqEcs8Id7FlDgXiciifRmVPS1VJmFVuKVsFl3GkGxhWKM37cEslM4KniAv4R6Gt1U3005YsYTUI65aFdcht5MdxhOlQBcw6p9pagaStRj8WC04f9M'),(16,18,'eyJhbGciOiJIUzI1NiIsInR5cCI6IkpXVCJ9.eyJpZCI6MTgsImlhdCI6MTU1NzE3NzEwNywiZXhwIjoxNTU3MjYzNTA3fQ.0EbCmzlMB12rOdxNGLhnqyY41U2JoQXhYtJUrjYqkPk',86400,'2019-05-06 21:11:47','OQ85QYaY46v004siwjEgFHWJGoZvbSBaQJFgDJfbtbJugCvu1DRIRgzxzxrICVqeC0yCVHH5HiPR3X9hETKugeBqSVUxEfZ4WYhfePIWN9rpGKXA1NnAaFA7JIaPmyJFwIZweQmp6TrajWcM389dFVLhCYoIZj1XIez7FhK1J9h2kGblFkiyTtOM6ESdlrLPBtoEMaYpt64dsMevAPLTNO6OPpaqRxjDtgwzQvrM3PqLKTpkyLa3Khkw4KZi2DI3'),(17,18,'eyJhbGciOiJIUzI1NiIsInR5cCI6IkpXVCJ9.eyJpZCI6MTgsImlhdCI6MTU1NzE3NzEwOSwiZXhwIjoxNTU3MjYzNTA5fQ.25ahNa-PHdn4OvcNWQIoiX8cVf5V22bf9iuWYu-D9TU',86400,'2019-05-06 21:11:49','bBSlOUt2xJhEkX3tSNfhVTmJsfl91AP02ilXL3VcItqOtXdsFMQNuWZGbxlq06VjX5iuYZNCmeFbJkvMPFxsIZ9i57mXxr40j59NGgBhOX9Wn4Rb5YtU1UouzFXqJ1N81KOrSbRETMNdS4lnjZ49ZnOiN0rWkbLLKH4iW4fIFvtAyXTpYGcd7tofx5d3fHJBx2u4ef5zuF0zW6lzAtr5CH0cQAGLqYy7HbKCGQ94gUUZobAUHIVLJXKPAMJQ33i8'),(18,18,'eyJhbGciOiJIUzI1NiIsInR5cCI6IkpXVCJ9.eyJpZCI6MTgsImlhdCI6MTU1NzE3NzExNywiZXhwIjoxNTU3MjYzNTE3fQ.0s1SYwvzy4YDQQIIsxZcPplAfybERjSsZS14PiRyMrs',86400,'2019-05-06 21:11:57','naUB7laLGLiMgvgbcvUOIX5T8LXU8PUQK3bJ3tzVTTXxZILrOFx1Bl4hmQfihEUM7sKzGLmNkCfOsseRPOiy4wnDrnoBVEKbBLah0lTybUBI3wMDSYGKAdpm2f7XLzx7QSbiggseGyvdny0Fri772JXnt4wgTyYAxK3BcfGPgQicU8yfJyky3tAx1eVu51UuItoMh5IKIfYS1DfRwRMZWeqVYvNWRS1K4nLoVD33uwnXsoknbXkdxB1QzxY1MEcx'),(19,18,'eyJhbGciOiJIUzI1NiIsInR5cCI6IkpXVCJ9.eyJpZCI6MTgsImlhdCI6MTU1NzE3NzIxOCwiZXhwIjoxNTU3MjYzNjE4fQ.yV6Vi8xyQIJ-UzO-7Ro0MN4_y4fEE9O_xEM2HNXZr5E',86400,'2019-05-06 21:13:38','rIb5yCCsgx2qmzrWe6jowvvsmNapDwMFiVNTTweITMyWxPc2hmc4GrnsWtgfyZImXGfbR1qPAaQVVKNXzeL2AibI59orNVI1WPThHl9ugAE5gvmi3lwrDzMva7qIsUygfEPxYaHNn6PIushNeWV7ANxlua4S9Rpho88qujEVbe5jqqMnMblq8XFSSqOw0t4jp7Dmq1NliSW4AcSeKP5t1esKHjnzaDlHmb37kQhvGIFIc0irPTPLUWiddUmq3vF9'),(20,18,'eyJhbGciOiJIUzI1NiIsInR5cCI6IkpXVCJ9.eyJpZCI6MTgsImlhdCI6MTU1NzI2NjUyMiwiZXhwIjoxNTU3MzUyOTIyfQ.EoPk5IAW8EXvdIKYnnPvy320WBhGcAE_yO05TP9oogQ',86400,'2019-05-07 22:02:02','zMakRTfQ2RLyqUnRuUyNQI5FyFeVARGytEoYWbGyeby9CNauuBb3xWnTDWxvvZoveMNjdeCsOFtISceVXU9A2Yjlzj3J25YiqB4ABTqZJ8KrdxJFuxJMzM4RFvBIvkmbQ6WMUEhf1lQQpXRqrA4L2YWCyJcCrsYIREqx1KBRFCgjpvgeEYtKDeN6E0HsVJEysuTuF8QGNIDl81B8l1K54QS0uHmtcBwUaTSHPfGUrch2YAxjOUi9buNdsm8M1xuW'),(22,20,'eyJhbGciOiJIUzI1NiIsInR5cCI6IkpXVCJ9.eyJpZCI6MjAsImlhdCI6MTU1NzMxMzk2OSwiZXhwIjoxNTU3NDAwMzY5fQ.WwVSaz9-3p1qSkz6S0ili87354Dj9uO7onF1XNqj9CU',86400,'2019-05-08 11:12:49','MbcrFlKxmhV3lNHi62ZGd9kRwnAX4gb6pzL3ajvbwgoaEI5cOHoE0oWz1W4KKwO25nzFYkXGXUk8UYcsTEgEAJkT0rrHlPFQbh0doRbibgAfVAkj8xqUE9rjOj2lkyTVVHrVPtPR67oycNU1SPleoLxq6l17PGvPf6XWf5pghtIwewfXBb4uzphJeQTaNkh6IYfUrUfo1CEv3v44yTp6wOnIFFi5YPUJqtSW24cm6ncRVz4WIRkt0lhxhST9Pvpw'),(23,18,'eyJhbGciOiJIUzI1NiIsInR5cCI6IkpXVCJ9.eyJpZCI6MTgsImlhdCI6MTU1NzMxMzk5OCwiZXhwIjoxNTU3NDAwMzk4fQ.cTre1Z3ooFjzjZlDiGFXMlaYgAkQhxfg7o1sJdpMiFg',86400,'2019-05-08 11:13:18','zWTMWZ0GuVvo3eubzfSB9vg8QFisSv59n2k3su2oOmWdXWVqLflzzvZMJaIaDxyFclpOeo0w5IMxm79ErsLbRqn7JfUudje4zbFL8Tm6MSFDPdaEQMNKvs0thRAJfVvty9trtNpMqfdKOWnaMODJgMMWSmEEseWIaF7Jb8e7pDglwt6RGC9eMHvU8SPXAho9SgjOEILQufhSotV0LqQPEqIrEQdKOQumWhFWGpFe8f4X6rg6ynLi3SVw2fWGh7AB'),(24,24,'eyJhbGciOiJIUzI1NiIsInR5cCI6IkpXVCJ9.eyJpZCI6MjQsImlhdCI6MTU1NzMyMDY5NSwiZXhwIjoxNTU3NDA3MDk1fQ.7JBl_NEUBpwUFFp3KLdlixiwRcb4-MYqVBy8XXVOjpo',86400,'2019-05-08 13:04:55','Z9bmJ5KHbhsHQaz8wGiK0DMQaDsD88DoIAgClmGzMpLR3BeeLJhWzdn3MewC9wDPUtlQJfBqGqQaRwfUxAbF9KzrEdfUYlwBRxd4mntdAG6uVPX6RssXEYmGF8VbgOded97jWcnHh3UWhB4MRtYWiDwNSnmpOAiY1gwKFjga7kawEEd64fUBGiEvT5dVVyzH080RdzepK3MzHhEK7C4eUgENhlmRVSx6aI5UYEyDDQCznc7WKpAUjklnSX7CWevr'),(25,24,'eyJhbGciOiJIUzI1NiIsInR5cCI6IkpXVCJ9.eyJpZCI6MjQsImlhdCI6MTU1NzMyMDg1NSwiZXhwIjoxNTU3NDA3MjU1fQ.SQOmWLK-lBFskwbOp5Ud5U3AjctCuKKrsv9rbKKuD-Q',86400,'2019-05-08 13:07:35','nRfhpXiKmVTmSpJ0n4MMUkHZj8IcB9puHzb9NzUIwKtBZvaIiENiut521K3qtQkuNRoGvvCZCV8h9zSTe6RxAdIPsuYfU7AXGoqhn4EfIBp5I76MsbFcAhgyvJgLx9LPmLqZGsguDNaJWSsFZjNBD0w3YyrzXGF5ZVrIzO6UOh4saQgqGkr19zoFAbVXFQ4a8mWCmsR5JDVuJY3qLGpbYAEUkii0o0W252KaduyoNp1jpP1Jzc6OKGzROrYuMIrw'),(26,24,'eyJhbGciOiJIUzI1NiIsInR5cCI6IkpXVCJ9.eyJpZCI6MjQsImlhdCI6MTU1NzMyNTYzMiwiZXhwIjoxNTU3NDEyMDMyfQ.jvHLebpxK8KdLFuBok3Lyu5d2z12xhp7L43zL1AR4Po',86400,'2019-05-08 14:27:12','ZuY9iZwiziaGzBWh1fA1vCWhXwro7fooxz4Y3FvI9A2cYuRGC8BxlBnuXTu9AqWzxZseJ1vb4LY1hJ7MCvWbJag2MtRSQODQCEWO2MV9X24ULmA4VOf0TlR80GYJOAydhVBjRc10zJPejpxuk94VixjPEKeQuTTkZtkgxJ6kksRKOmd2cRzmaIwYlXdLLh7ScDcf4LAgQjDpXKuKDySyzzpp4ViSc2f4y5l35Qghrg4GpoA22MFekDN7tekcAxm6'),(27,20,'eyJhbGciOiJIUzI1NiIsInR5cCI6IkpXVCJ9.eyJpZCI6MjAsImlhdCI6MTU1NzQ5MDgzOCwiZXhwIjoxNTU3NTc3MjM4fQ.TWm6E0EuhKqBLwZ9dxIDfM54tN0_Dh_jLwv5ZYrRt1k',86400,'2019-05-10 12:20:38','tCfGJ8bdyR3rFc0zjvMWrLLM9WfqNrAOJ1lRQrspdxD3x49gY6q7mF2plCncX6bVFphCeJLuJaUSiACnvCfn89DudXTvwnKleCMVcvgOrelOBc7hQieFZwHhbjf7xrnd6Yu0yBG6ekYGTRHplIk5H3BaHUmQvUe5foXQDGzt23PrANK8BSii5NCAkjqbcmM1v4DiQYlfLfRRrXgNBdZTddTPF64lEctqPhF0GT1rMQeQf8mQPTIHNuVSLbQcfcos'),(28,23,'eyJhbGciOiJIUzI1NiIsInR5cCI6IkpXVCJ9.eyJpZCI6MjMsImlhdCI6MTU1Nzc0MDIxMSwiZXhwIjoxNTU3ODI2NjExfQ.JaFoWjWPYE8tatr59QH2t1QvDxoJOCZQngv7VAznZdY',86400,'2019-05-13 09:36:51','mfN2ZceFPaDxNq8DfIaS134jeBLk0Qc70ZETBZg0GiC4lE8fwzu0JDPZgJy7VLeyP37RRh4jeKA2t7IXteuuPQuxLefpK3TSHszN16MznjdWIaPtjQZf8GwY0tXWe3WYKLD3U12TEPlvLp8zPgHVAfYQqA8q5aZiT1jyzJUWG0KsbJFIzR5UPIweZgHCfr1wJCa92lo6G8d7LD5XGydeosfmVD2332QT7udCbaMSUZeFuRHkx8oP5m0TmcIr40IV'),(29,23,'eyJhbGciOiJIUzI1NiIsInR5cCI6IkpXVCJ9.eyJpZCI6MjMsImlhdCI6MTU1NzkwNTk4MywiZXhwIjoxNTU3OTkyMzgzfQ.0Masm8iC_aHLRw5XPehUgBPBpR37wyN9-ntgc1Vkb9Y',86400,'2019-05-15 07:39:43','KxJ6x92xSilAw4cxiVexT8cLkaNNeNafcMJnPGacgEPlpOPKsEf8V7MpbvjwUra2GvVvz9VE61jEDfSLKExFIj4rMLbSoIdrG9ggz5SMWI56dkWFjbdS6maFxjjylhfzrX1veyeFokevvCBT0sBXyBQvfd3L933N671FKDP4QzbV6kcsHsrfyh9n5xIAqTTvAZ4hO9IBhmtnx5rPWZZ4KpbRyDkCIVADivIyA3P8vlkLdUrwknn4tZuBZuLkB6xG'),(30,20,'eyJhbGciOiJIUzI1NiIsInR5cCI6IkpXVCJ9.eyJpZCI6MjAsImlhdCI6MTU1Nzk5MzQ5OSwiZXhwIjoxNTU4MDc5ODk5fQ.NyG2x_wxsvxc3ccNzg-00yXvSGnD_pCtkZND8g9Ce5U',86400,'2019-05-16 07:58:19','crlovVaxHtAgQ5PDjd1W6ATZtUuiisPQeNxXIpOleDHDvQTqPXs9qnQ5zJZkaOcQhTmbRHsqPrkGXlpWk9VAYClRN5kC1xcdQqzAiLG6dOeErmkUCsWT9pnVFTCPIPDN1gMXUIzAIxUIlWZ0nRfWIcEEMlSbJtPxfHZ6N97Uo0foKlkiAx01CBeY4GFqlMD6dS3BmySXzIBU4TpmsqgQ3LonNFp8zR4u2NKOgHo23lIsgyUcYCLZ0yB8F12hfLyq'),(31,66,'eyJhbGciOiJIUzI1NiIsInR5cCI6IkpXVCJ9.eyJpZCI6NjYsImlhdCI6MTU1Nzk5NDE1MywiZXhwIjoxNTU4MDgwNTUzfQ.pKptQk8xkfwFMU4P_AIIM8OW6t7oITgsFx_5B_JTHCU',86400,'2019-05-16 08:09:13','UCpp1LxLhRTghbXTAnBhfTDlTEfgAqNJ5WvbC4DOrdPtdknKpqHMhlSeheYJH4owIsZubs07KUb03BMsxnUspEj2FLxslcBJfwj9095LkDNIhienSfNRcyb0JVCDfbzUjGoS5ZapCATtgAOAMOVp1V6ZSQbes8AagahfuqNJjDHQOeLeDvConBTCJdxtiAEx1Ky2sfuRullmBpXTYumgKfLJszYizR2p4ZU9nQiGEBf3OZ7azG265Pyo9nmCnLz6'),(32,66,'eyJhbGciOiJIUzI1NiIsInR5cCI6IkpXVCJ9.eyJpZCI6NjYsImlhdCI6MTU1Nzk5NDk5NCwiZXhwIjoxNTU4MDgxMzk0fQ.eAlnwO9ZzKNDbKV2p07LmRsPuB5CAHuJY6ALJjTH-CA',86400,'2019-05-16 08:23:14','wevTHChSlTQKrxamEJvFG6Dm5fCG0ZR0aDPcLhqVPjRL4NbMJm1qcSzKvhBGyYOuq2mJZwMFOsWiM9gRZsNPwLgEEibIPo4W0LNUWtiykFrOHALhqI42wX23j4LEeq6flA0LzTpaoBrHgVk94yXpaLO3afPoiurkHPgiGylqa6RRSKymwTiqsvzm7i95O0eid5nGvoxoSBQuJ78glkcbGgJIpyZnmaXdBEclKZlOTJ95WjyeZWbReAX1JYRudAeq'),(33,23,'eyJhbGciOiJIUzI1NiIsInR5cCI6IkpXVCJ9.eyJpZCI6MjMsImlhdCI6MTU1Nzk5NTAxMiwiZXhwIjoxNTU4MDgxNDEyfQ.Tvg3GBogcuzPhK2Lb--IqhZAY4B42MaIh8Tn0iATwHg',86400,'2019-05-16 08:23:32','Z0oyrOG3WzX4DmpZcovQT8yndb9HOBgwmtpMTHgU5jmgJWJBpbPdLwcdY2PDBLOUkZMGyvNz3kcnWcjLjesfNOD8UVKJoR1cx7p7R38fIIExt6nFA9d4yJKtSsWgs9jPbgIC6vGigvl5LcDe1FI2ZfwguBrht7LxzVXw5KEctQvIimMWJ2wpe5iHmoLJ6d5oi8a0ikYTdEZn6svyaPZyirfG0xK9dLhgnuOPpbJxTFlhoxU6sbZ267ApXWM9bXlz'),(34,23,'eyJhbGciOiJIUzI1NiIsInR5cCI6IkpXVCJ9.eyJpZCI6MjMsImlhdCI6MTU1Nzk5ODYzMywiZXhwIjoxNTU4MDg1MDMzfQ.UwYBgpD72ZhXXHreJWynezGEzS3yGnKjjIfPQxRuYjU',86400,'2019-05-16 09:23:53','Mwc3a6H59b1CmCFKe4hMqCiYolGCh6ZfiJPa6TUv8Y0R9Z0lDUUyTINJoDy8hdbIxEHL8N3C1NrDRBLTlasNpPPVfCshKA40ucqjJDmgnzucCPynSSEm5LIH9t04WuLNzbsHMOwQCIp9dWpdAvA4WNJtymCD5ONXt2YKTcPmYteM1H5dvWZ7JHPBplWnKBh59Git8RokhpCpdptSo12nhYTKaFjpb1hGNxfi8GtjQhreysTZup3Ye8Ta02MNKFUf'),(35,23,'eyJhbGciOiJIUzI1NiIsInR5cCI6IkpXVCJ9.eyJpZCI6MjMsImlhdCI6MTU1Nzk5ODg1MywiZXhwIjoxNTU4MDg1MjUzfQ.C-wFsn46m8bSs6S5GG4Q1ee72URWW8_Yipr4uMYoV2M',86400,'2019-05-16 09:27:33','ihmQxO89TrUUYZzCvbxYlrO1Fkc61YyAgYlolIV3q1GyF80HZtY9DJdpS5rguc0nVjnszxh2uj9db2lDgsndPP9nhUrilgP6GOX0d5cxSAPzMoyeFCmzGEU745Bk0fgK9lXXhzUC9A2xvd9e7e9rqtpJ2HnKgM0Ft9WZmnzK8wT05dC71GeYNmrXt2YipIz5fBodajqmRyokqduHsCt2UTclDdRQSJa0QXRbtVfXuJjAP47Dw41HVNBowbaM197Z'),(36,24,'eyJhbGciOiJIUzI1NiIsInR5cCI6IkpXVCJ9.eyJpZCI6MjQsImlhdCI6MTU1ODA4NDE5NSwiZXhwIjoxNTU4MTcwNTk1fQ.zWkAihuexBH2frz6fXEd0yE0j79hV2Tkt90QQ8pkWWc',86400,'2019-05-17 09:09:55','1pVC612HEhAapcF3nHzdQvL5Pg5n2qiMRk3ns6ZsdHAKfAqDkHH1vRaAKbv3efaKGcGdad25iObOaZu3pLnpOxBlWjsz9xmHscrTpXBoDpsAn1xBypMZbpQC9IJlrdSC0eci5FovU6aLFBZMbfOD126IclYH7Dv4OPXmhr2Drf9m3JK7hT1tDYrXN3U9A3vXfd4taGmzXwtwOlGBR0i80nnVG8x5vRoRqg4N87A5I1c5IEDMRjUdjwEYVwEp7w0o'),(37,23,'eyJhbGciOiJIUzI1NiIsInR5cCI6IkpXVCJ9.eyJpZCI6MjMsImlhdCI6MTU1ODUwOTc4OSwiZXhwIjoxNTU4NTk2MTg5fQ.i3P-eEUKj7JkD4RZoeut3EmZmBf0ffOxGD-B0qDks3s',86400,'2019-05-22 07:23:09','uYMY5p6FRZSpLLcUvQKUbaf9Xq9qQKhVjpEm3nqZ9wtFeLEXUPi7jh5CdCgHqUtNCbb39tyBVHNyXs7Bzw4M0XARGikfwkqs3p8qffAVwnizJANiRxbRCHqwyBK3ZFof3ZTF2I39QEUytimqYN2M7vQb8ORjScUzNuRRpvko9PZfya8ZJOcOFFarcFnWpTPey69qvBL1HCXmGIgvyLvW8LxSTMP7Gx0PNUiZj2RV53CcZ0q6BpIiYlMqqXARw4ef'),(38,24,'eyJhbGciOiJIUzI1NiIsInR5cCI6IkpXVCJ9.eyJpZCI6MjQsImlhdCI6MTU1ODU5MzY1NiwiZXhwIjoxNTU4NjgwMDU2fQ.ZVSR9KTYX0yo3-1PKAaCDAhyrSXW2EhFjFN5ASjFFus',86400,'2019-05-23 06:40:56','oV0VaMNJvOGESVYyUxBL6jPWTKhML7EzP5rym31aIeEKJ48QUJp6eUegWNLpQ4VCcZtt6FCGXKnji36aSx7jDlsxQ4t3m7dXnIbe4x5OP2j81v43hHh2nNmfkXZycVjYLQ4yHazQSYygh61XvDw0LzIVBspCIHeKCH0jELwrBlXGnbFVN7T2vTzqIA9VRXHspRKpPZIOjeFrmOpWHB0rx7pBbOJfIbkZW5SIjVyDO16pBPezlyOsSSl0IwsKKqDN'),(39,24,'eyJhbGciOiJIUzI1NiIsInR5cCI6IkpXVCJ9.eyJpZCI6MjQsImlhdCI6MTU1ODY4Mjk0NCwiZXhwIjoxNTU4NzY5MzQ0fQ.T9iJ72haU0pBNw8rt5vlDhh1p-CQLTWJ3tqyCzYKHUQ',86400,'2019-05-24 07:29:04','DiWfcIPjmOTfsOfASIDfdTCn9eGqz5MgafcHYnv5Qj6ao10FQYti5uhHhfaV59RFQVA7lBObn8CbkUNneCHsSKa5oaBLluKyIdgQ7eicC6INpvSEKONW5saEp86Fm4crw4b2U50oyhAsSvOOAFGmXtPQCJfxUahBn3Aop4uKczTC44hkvuhFb87PzJ6FQxF9xeXr9YPj3cEiiG2yJsMOXJVLiwQEI9LfB7pJGEG3taQTTGJxbcoeKl03Hfa8HcHL'),(40,24,'eyJhbGciOiJIUzI1NiIsInR5cCI6IkpXVCJ9.eyJpZCI6MjQsImlhdCI6MTU1ODc3ODgxMSwiZXhwIjoxNTU4ODY1MjExfQ.imCuIXgZU1kKJd-hC2EnqQ9O6H-aHI2s3-k2-zxvQBU',86400,'2019-05-25 10:06:51','hodQO8jhyihJPrub7QkSGkNjyxGhBKdkwT5YDsMnaCkT2eo8H1Grfth5vNabg6Ld2UvZWkbUSZQ5xne939LzXK0x49DO0XXoE4gNBX0Khwqk7eofMkORAXkUfnhCDNKCsANSDzjq5mpBAltMfIB8J03agLir2Kad5Sz3OoeA2IFFuNyxbpDvjIttVjfYAZrBWW0cZVWqGohpcPTCLETFXgVfZbJNDzFZDWqI0zdfUaNMidGJfnEukMKmMoNINTGG'),(41,24,'eyJhbGciOiJIUzI1NiIsInR5cCI6IkpXVCJ9.eyJpZCI6MjQsImlhdCI6MTU1ODc3ODkxNCwiZXhwIjoxNTU4ODY1MzE0fQ.N3hITNUuqrwGfwJdkKyge6Tw44LabOrss7viA1z8Pgg',86400,'2019-05-25 10:08:34','qGm8idrgODo2YSESt0fhoHN2tqH8X2YMwNzfZG0zjppYVrKsOORKhFLrlaBZ4c2ksVsPffwZ1pVAohEdh1hSSt7XbP1aUVZw5tf4DJDMLAbfLgqqIG4eROUhJP9lunaUP8RqpgrtthioK0nWKexQM9LLkI11LgiSZPnIORyaBgT7VyYZdEWTcdCdqR5QoBG2xJ6ped0glSJVAvh6IJZrdEZeEyFXNvoIz6b1ujJiARWd6qrjpcpNAa5Ww7Xcwbxe'),(42,20,'eyJhbGciOiJIUzI1NiIsInR5cCI6IkpXVCJ9.eyJpZCI6MjAsImlhdCI6MTU1OTI5OTMwNiwiZXhwIjoxNTU5Mzg1NzA2fQ.Q9Op_fFOELyFTBj_ii56TVOaWpG5mXJysMYuRUwjioM',86400,'2019-05-31 10:41:46','rwPBbrsB9DoT9U3EP1HNmYYjI6YzOx2fLp4wrwh79JVvGicf9QWnMEOfiCTlM6YUtfz9oNdPLdKQMnqSBGg7WrOG5HmMZUHJKiAto6Xu6bSWtjyjwJXFAA8SVq1e4hnp17OuX58G7TtYIa3Pg4ouMqON1r1TluXR1WFdwxChDDzeEsCKDTaDzvaaJ8e9Tq1V8jB44GSsTdOzR5nTY92lIY0h5jkqYpiyU1bjUD3Mz6Eef8elR4UfLua92b2DPRFt'),(43,24,'eyJhbGciOiJIUzI1NiIsInR5cCI6IkpXVCJ9.eyJpZCI6MjQsImlhdCI6MTU1OTM0MDc4NSwiZXhwIjoxNTU5NDI3MTg1fQ.HGWr8oPnt8PHUO5W41ukdADpIHNbYLiltMX8IpvYHxA',86400,'2019-05-31 22:13:05','LzNLWptOoyejI5Ni7E2jMARm9R6TgzojrxtoGcJHcTpeHasKwgXXpcWSXoCKpRVaINop0HBrKjgIxf9WwAR6NUl2dbo1eNT3MryWo1xT72zZCX7hENybUBD2GKlDAETiu7QbPqbZyWlvsRxT9uKg61AfzXNrmK32QkIjOYGLgrqJC0DXlRP7RhdhaTWC7FPY4PCOwNIdYzGcXF8Juo7ULhC5igRixyJwJmCuzf2YlCYk7OUR6v6kn9t2btBDH240'),(44,24,'eyJhbGciOiJIUzI1NiIsInR5cCI6IkpXVCJ9.eyJpZCI6MjQsImlhdCI6MTU1OTM0MjY3NiwiZXhwIjoxNTU5NDI5MDc2fQ.oLT2vf3SMPpqv5rS6MXfvuJk4FkD_qL5xBNML-0UueQ',86400,'2019-05-31 22:44:36','xP3QX4gbNbM2wY9MwX2z18mBdHx3PWOO7P2SW3VU9h0Dz00nfxJ7Ff8snRZmjWb12I7v41r2VeSE0piN0Ii46OpNpQLonyvNQ8hIf9mXSBHNeU3P5cK5ELQJGZdHHfgyEEk0JPvE1Gn7a62xBdWgur2lgfixzlr92UxKMwXDDeZFWgRpJFJ78UcEf5QJDKWoQqU5WqWiirYLDhAHc6eD2kcoSWD7AoDWHkIZzcVRGZqTMKL6cMepJAhTURX0rfmf'),(45,24,'eyJhbGciOiJIUzI1NiIsInR5cCI6IkpXVCJ9.eyJpZCI6MjQsImlhdCI6MTU1OTU2MTQ3MiwiZXhwIjoxNTU5NjQ3ODcyfQ.W21QrfGpLfbbUsAYqSWpCEn45qBOBu4-04WyZs0K_mI',86400,'2019-06-03 11:31:12','0E5CvTRWC6WpEPPovtaMrOL7hf3GHfzsCfBU6qDxl0iWM64CResZQ4uuVNnI3eOKsZ3bmFytU9FJq0cpKMAJoD6JaGZX97qfAiMIsaoiC77Ve2QdWWDhyYJINXTZB6edtMqVjb9dONe3aVoCMQG02I8UJYHSENYE7kJ0MjYmboHaSLa7Yb3WGbjSM5VI044C6vMYefjV8nVg21PVd0szMJ7VOFGfTuJ2YBSWGrjjTWuxsyRUXhjpNqrPTbiUUWWY'),(46,24,'eyJhbGciOiJIUzI1NiIsInR5cCI6IkpXVCJ9.eyJpZCI6MjQsImlhdCI6MTU1OTYzMjA4NywiZXhwIjoxNTU5NzE4NDg3fQ.3MFc9kq1GU5EgyAkuHzNjwaxVYLKyfe4TRDiu8yXM7I',86400,'2019-06-04 07:08:07','0RZhyyhPwjg3P3pIlt7PzhjTBVzFYz2aFSf3oImmce5n9kvab8LXprfEAsKIHZ4v7Cqc0MCuQefiv2XJEGZdHoZzYdNQwGoprwY2rE42fv30t5XuuC6uadbH6i85pzIlgAnPcsCsmu7F2ZNmlaSQkevTQJPOTrpa76IT7qEhf9ylh7hVEYQOoHmcMpigggo5RLK0Nsxd8XuCSWJqoBoQ27I3YLOwsMvaUL0s8Cpf9ANglfRU7nKwN5GMyuKb15oI'),(47,23,'eyJhbGciOiJIUzI1NiIsInR5cCI6IkpXVCJ9.eyJpZCI6MjMsImlhdCI6MTU1OTYzMjMzNywiZXhwIjoxNTU5NzE4NzM3fQ.JONDMn18CgoeQAxs2L_GLQVvuCbImC-ZHDHDBTMpBsA',86400,'2019-06-04 07:12:17','Pjakn13VZ7QIR8evSDGOZuPe8dd9d3cu3bIh1zrFpbfTONAkIRYvgUzqmsg51RYJeehLyN0soo355EMFanLLiLYIDUizbOU1ZA3ghIMXkZSsFMjqgcKbC2TV7Z32MzzVnnXGuvFeUMSWAT3sbkO38ZAbEP653w0NdIpFTJiRvuFb3QQ6YbgYN4KjjQZdJ7ZPNcRaLMmJPNs62WBrqA7FHqAWBCzkc5HAXFMafReLOmSItDPCpzehyOn9qlftnKSZ'),(48,20,'eyJhbGciOiJIUzI1NiIsInR5cCI6IkpXVCJ9.eyJpZCI6MjAsImlhdCI6MTU1OTYzODQyNiwiZXhwIjoxNTU5NzI0ODI2fQ.STJiQmwz5SySgN9FHryp4lifRCAO7HhQnGGDOJmPu64',86400,'2019-06-04 08:53:46','RvpDB2ZSIpRNr4LaqrWTCkh9m4bYyk9SqTxlHnbnCq09tIV9fsY0gFmTpEkmYjTqbcYKqpEDrG89okkD91xdW5zxrkPOYbfstWQksXaJzCv9dILSgp5gae8HvXsfNmpS4W9dszbLxba1hfIFmKTUlClDxPLJ0oMnyYQVvpDB8L7mcPtLziD9xEGSLYXelCdhNorlO8Fx2ULOt1bFSy8z1FdYepQ4ZyWAGilThy1qPt8WNNpbwoARlD5jjNDqYAWu'),(49,23,'eyJhbGciOiJIUzI1NiIsInR5cCI6IkpXVCJ9.eyJpZCI6MjMsImlhdCI6MTU1OTY0NjM3MSwiZXhwIjoxNTU5NzMyNzcxfQ.FnTqEJICYk3BCdd_s82bm5EIrlzJwNszALhnOvCbDRg',86400,'2019-06-04 11:06:11','o8KnXaRdTnLl9UaEPvAaaIY14xWXlZuawoJRZKNGwpmhNzvx1x0L7qFQTqkfKuT4YmKgskG55I1TqDWNseVFGTcDjartUUE2pPhgnbUeZpFs4Ka3tr8Dk8vWrLqyziT88Gb0NKPwKL5naO3Ftoo0V37B7gmQkNLZN4IZIM2hu2alGjUFziPWZdNMPCDlZoRo6RaP7S3IKtIblcxibvBUnNLQEvo7D3pTWyzMD0hXgIVAJyQ4mlaMwM4exkKpRAbB'),(50,24,'eyJhbGciOiJIUzI1NiIsInR5cCI6IkpXVCJ9.eyJpZCI6MjQsImlhdCI6MTU1OTY1NDYzNCwiZXhwIjoxNTU5NzQxMDM0fQ.3j4aJBGgtVqdJnhxRyFQcDipZ-VBWk1rRiOyWgaRHyQ',86400,'2019-06-04 13:23:54','5m4Bg4dojnJIPSz9KSrliKHf9lgdyvYnnfpTzmXj9zxvOTx0KpICWaY1b2scp876rt8mSOSL16eaQcSQACmttPfwt42wb56RVrwrhpORJu24Ay2lXbx66jxQottTTp0aDamgOEMXy62PeoMcdHAWPkDL5V4M53sEaiL2scWP9Fnyx46pSOMOarDsjrVHuouUC2dNxrQAWykrjC1EN8keMkX7aULsNEMlWQri337f4ks0zpGitNx31kpgyh6eOOI9'),(51,24,'eyJhbGciOiJIUzI1NiIsInR5cCI6IkpXVCJ9.eyJpZCI6MjQsImlhdCI6MTU1OTY1NDk0MCwiZXhwIjoxNTU5NzQxMzQwfQ.0NiuvgFvj3sgT3A_TW1tygKtfuMXm0wgKgGxk5AkOQk',86400,'2019-06-04 13:29:00','QmOgJhkLEq57CKzZUR0Th25BGodtp7BBFpLdk099gnX7nnBqB5hJ20bH8m9exq4sw7Q9crRHJH8j8iw73SjUadhX95X5BGUb6cS4RLGcPANQht4PbbwxuMA0aaNcetvprFJdsIxxl2t1cd0c0SMpDnqFsArgnXUEXS4UfkU9jwM1mQi5wYrwnqhzXJJdRlCrKT3m3hIXeYsvN34WRqTNX5tQpWSt9NsroSeYMcpMthmGC5pNojPauUEmMuAckHQI'),(52,24,'eyJhbGciOiJIUzI1NiIsInR5cCI6IkpXVCJ9.eyJpZCI6MjQsImlhdCI6MTU1OTY1NTA2NiwiZXhwIjoxNTU5NzQxNDY2fQ.jbKzXckMPFDFDVxs9lu3lvvrRaMWsAcq4iWRYkfSWZw',86400,'2019-06-04 13:31:06','RwC7NmjicfJSuuj0ZDdOpovypLj4JJBUQuSrSdLLgz3zEHuu3yFeCK3Q0GAiUsvlJgWrMzXPO15o69O6l4TxD3hV7stB7rsyoI7WbdeOARaH8trOcN01kX9TFiFNWuwXwgAXbqNwFdGASxWFu2RO75by2rwdgWRZIrkYagJzqS5LQQae9ng5LvZUsThS97R8BLih021MXO0v91X8TxY1bE49qMfgMwY4NexLM7o6MY1WohvLMzHFcHa8kfoXCBtd'),(53,24,'eyJhbGciOiJIUzI1NiIsInR5cCI6IkpXVCJ9.eyJpZCI6MjQsImlhdCI6MTU1OTY1NTE2NCwiZXhwIjoxNTU5NzQxNTY0fQ.UZLvhk00R-ArDfkjDraxgZtiZ-fiOSJcV3T0_BcKY3c',86400,'2019-06-04 13:32:44','eXOtg23ePASYdXs0o1iomxnk63arJawDoVoTddrNSJzTQcXx1cb1IWxktSWU6MprUwbijKHcyaJHyjSrwP6mKcxgWQ1gLv7R5rfqhY2mk8R88ezNlk636tNXNOfCXfN7LAprr0keJ4aDxos7moRnfSywH6Dl4t9oLY9hTeT7y4aoamZM34qB7JdZPWvh0AFweaPwZ1304KwZbe1MY4Svs3C8NwfWdTYriMLTWRXQqEjDdmGRjOxyqn4HJqwjI1PX'),(54,23,'eyJhbGciOiJIUzI1NiIsInR5cCI6IkpXVCJ9.eyJpZCI6MjMsIm5hbWUiOiJGbGFtaW5nbyBTem9tb3J1Iiwicm9sZSI6InBhcmVudCIsImlhdCI6MTU1OTY1NzQyNywiZXhwIjoxNTU5NzQzODI3fQ.iSunjWNkTwVaRsDWLgpqRg9u9PUAY9hWbJNkmnSmTzU',86400,'2019-06-04 14:10:27','gnfSoVhSl5iL7H1Hewz1aN90aQq3zWM8SKaZlJQg2g74YVTkcCOzcuvvuVqFckkWWX0nKs8ZCfqfFA2YfU1gR14B79H4ehD1FoniEOLk00wHIx0F6tnsLtEjMANJnLN47iiusUAbKZvehrF7yL5SXB4I3EOFaZTFFF4gzYOkBYuvc8B7gfkj4ZYNhTEQ7Qvng2iVfF6reMoaAK1EvXevzsf04s5nggFygOVCkyyAfn9acI4QDR9EPqxDRstufJ8P'),(55,23,'eyJhbGciOiJIUzI1NiIsInR5cCI6IkpXVCJ9.eyJpZCI6MjMsIm5hbWUiOiJGbGFtaW5nbyBTem9tb3J1Iiwicm9sZSI6InBhcmVudCIsImlhdCI6MTU1OTY1NzQzMywiZXhwIjoxNTU5NzQzODMzfQ.qDdxowiQc6XJFq_36vRD3qC87v1CRHUBDmmRym8c9M4',86400,'2019-06-04 14:10:33','xtkUPpTEJBYqzoJj8x0iNOfgz6eVO0YOtu5W8o38fHyeNErbHH9fPrvDhGdc8bOPtxvpYn8Uj7UMROV11PHFquLsTmOpQDhn8XB46O0TArG6A1Qz6RsL2Y3lr1i4Ew6sGEeKOCxqEMo5hix0rzZ9P6JYJMR8YFgDU61Wq6SqP1vRX3cLgS00WtkissQBKMrBdXoFDBIaiO3IlDMRn42JkgcBou5oHRkTJEgvI0b0kve1mvAYkz8NgZSM3DfTDuvW'),(56,23,'eyJhbGciOiJIUzI1NiIsInR5cCI6IkpXVCJ9.eyJpZCI6MjMsIm5hbWUiOiJGbGFtaW5nbyBTem9tb3J1Iiwicm9sZSI6InBhcmVudCIsImlhdCI6MTU1OTY1NzQ1MCwiZXhwIjoxNTU5NzQzODUwfQ.kNykabI4NI9uoLfye5D1cm9WPyn5pJx4t9LyZbooojI',86400,'2019-06-04 14:10:50','kvGhEkrwgmZWDvTSMZyEddjcNIU4pzbiiAXaYhA5EAJTiNXoeoNj4Wn20Zef2esfCifLVPNaU3eporrDgiiXi1KiPLFoIVCNXE9aAamQi3N9AQp2UK8DeoSoEtUBm4K901T3OssxodH7zw9dfXZrJ3w46iTXu4xr53LRseOg82PaMn2UWCXMqErsEoGB3Yx7OOHYDJveQMMlGwoKYINLGiuHQkYvwhokml5hUqlACwIhwmlmxXTfj5io4zOXYmx1'),(57,23,'eyJhbGciOiJIUzI1NiIsInR5cCI6IkpXVCJ9.eyJpZCI6MjMsIm5hbWUiOiJGbGFtaW5nbyBTem9tb3J1Iiwicm9sZSI6InBhcmVudCIsImlhdCI6MTU1OTY1NzQ3MywiZXhwIjoxNTU5NzQzODczfQ.kGtWG3SXYd2noKs1WylovZ7iKW9NVFSB-9_nPQWwGRc',86400,'2019-06-04 14:11:13','y1cKyo3qqxnmT4WTPCbbJl2CvdRHOLharYKJyeNv9nNwMGs6st3FDCO1EYxMcxQdTKWjR0Uq4GNHKsm9R2ARqIK8XQDOOMvqK4mYODZR5mAGRYRTKGLII0qSgZLvmutyW6wxN6VaKYMk0sg2YTIRc3UkLglugmD68iqNZSbT8wqwuGxHZVBjR3jg8KcQMHFf0EWUYgKAsX3YKEVVPvpnlz1B7Tc7yXmMeCTHyZhzwxfER3wvrbNUvUe9sEySQo5I'),(58,24,'eyJhbGciOiJIUzI1NiIsInR5cCI6IkpXVCJ9.eyJpZCI6MjQsIm5hbWUiOiJMb3JpIExvbGl0YSIsInJvbGUiOiJwYXJlbnQiLCJpYXQiOjE1NTk2NTg0NDEsImV4cCI6MTU1OTc0NDg0MX0.aiqc3SCoMPQHZ-k-FySjJFzxjDMOqRYxYZkWoHY4rY0',86400,'2019-06-04 14:27:21','4y5ocE5U968BdNnGHkJdYxGnxDG6ndR8XdBXgUXR8aJO1T70wXCiJ4UdPN8LOXlYdpatSQNXO9xVtUTity2KIN4b0BkvkHZVUVmeyI2E6386OqEk5TnOJr6MQqwh0pzfljm975QK7u15Cj6edSChEKd4MEERdHZPfLro2eHvDQ93Gp8cocP4v2SIHQZtcTGWzuUtuhLoXlFZ2BZFTqQONEC17sCbxaNnq2OZajF6A8GjwglVJQ4qRasLoV8N5v3h'),(59,24,'eyJhbGciOiJIUzI1NiIsInR5cCI6IkpXVCJ9.eyJpZCI6MjQsIm5hbWUiOiJMb3JpIExvbGl0YSIsInJvbGUiOiJwYXJlbnQiLCJpYXQiOjE1NTk2NTg0NDMsImV4cCI6MTU1OTc0NDg0M30.IE3TqQznkzAZmf51ny-_OKXDgKZdS-ztxs66Lbz1FtI',86400,'2019-06-04 14:27:23','xMK6TyqZFqjpPr1tALlPvcWOEgmYkXpyAHTnIydIA33SmpIYtM2FLkgrHjLmFhq7d3Y3bha1NIXTNLG5hOVks3iAlLqtdNxQvAUgPx8Bz1z1DFxdBBt1U1XqB3sDPYVIAwsTUQLnTZcTmPIiCYDpE1Amf5mw7D9spf5fk5NEvSP5mt6WqHmoQZmMPDBD62PVzVrVrhC7VSijxJMFg6piiNDYzn6O4zwpC0oLZNjmM2CNgnIQCVLkSuGJXC1iY0Ty'),(60,24,'eyJhbGciOiJIUzI1NiIsInR5cCI6IkpXVCJ9.eyJpZCI6MjQsIm5hbWUiOiJMb3JpIExvbGl0YSIsInJvbGUiOiJwYXJlbnQiLCJpYXQiOjE1NTk2NTg2MzIsImV4cCI6MTU1OTc0NTAzMn0.jke7ZUJwM9Aq9VRgQyMpROowFYQs5wv-Iq6nnG1WfTY',86400,'2019-06-04 14:30:32','7gB3GWcX3ntJhK2qM9KVB4hnoJBcFHvoh3kr4gVdWugCwUQ3k9oj0lnpI29Wi4EiCwe6sRj3Jeza88f33h0uz4x1U9trsQUlN3fWiQSfPr6BO1leM1Y3Ssye8WYpCRJvKE2DZ8i6i2gzVEAZJwQ5hdOPxXptoiX8CKgC0EkBUxC4TPpsuaOpmsTYOKenMOyAtyz2nQeVQLRuhXI4cTwsLpwdIIIVs3nwKzJSvzaAUOprQB0yZrGg2Dyek0TXPPTr'),(61,24,'eyJhbGciOiJIUzI1NiIsInR5cCI6IkpXVCJ9.eyJpZCI6MjQsIm5hbWUiOiJMb3JpIExvbGl0YSIsInJvbGUiOiJwYXJlbnQiLCJpYXQiOjE1NTk2NTg2MzUsImV4cCI6MTU1OTc0NTAzNX0.6riNnp0GUo_uAlTrpcXec1GRF-Ex0NqdoFRx7G7t4go',86400,'2019-06-04 14:30:35','1s458QgelRBlcOkTmhgzhahfBWwVJ8VTwJIWw8kX0qLPJxLsAJvl5ujbOAJKZGmJ0hWKBLNJIQoFUhjbM2bTlCbZdbGGmnT6NpZJmiLFe3pCaADomt0pZKNKsCBRiNQ3M6qa4vFRbCmb7k9tvolGTOcEGmLRmHQULLYpWOPVLhp5QC7eIG6ZCfd1vsOwql3xGmWordeMxxqF22AVMeNNFGjgV93xKbCkn94jm39WwHjQewLOngX3LJIyRwaNVHSQ'),(62,24,'eyJhbGciOiJIUzI1NiIsInR5cCI6IkpXVCJ9.eyJpZCI6MjQsIm5hbWUiOiJMb3JpIExvbGl0YSIsInJvbGUiOiJ0ZWFjaGVyIiwiaWF0IjoxNTU5NjU4NzAxLCJleHAiOjE1NTk3NDUxMDF9.nwPTD2cZS1pjstGndBMvWDvddYhjXK0RmG6OPedCW4Q',86400,'2019-06-04 14:31:41','OHxMVEY1jIZZJSvWZsR61743Nmtsz5jnYpmdOhl4gHsiD3fOXsL0ih3HGIISTl5cFKF55BD51Ok76HS4G2dd52b54SJQs3UmJohUSm8ACPNOq9yvb67oocO5mccuIGD5FcOkGzl6mnhiOMWlOmgNHUNzeE917pyvh5tty6UVmSzKNGn40CWAZn2Sou3tbcGyNrXCKSyattglm0btqTw42wzeBAuDozPwEbambAJAQvqJYOQfepScl8U67wzKC1JT'),(63,24,'eyJhbGciOiJIUzI1NiIsInR5cCI6IkpXVCJ9.eyJpZCI6MjQsIm5hbWUiOiJMb3JpIExvbGl0YSIsInJvbGUiOiJ0ZWFjaGVyIiwiaWF0IjoxNTU5NjYyMzA3LCJleHAiOjE1NTk3NDg3MDd9.srNTAocMTSbj68vmwbbLElwK83WCvgU9_A9x0zvRj20',86400,'2019-06-04 15:31:47','WrueKFk76umbv1qcBYc34gdaDeE9FR35B00DW9rlJ1jY7rrsBVsvMgG3WRZ8UIFHrAZEqYG3lC9qUkHowCmbM7l4eSx3m1OCf11SqtmcKSY3kUa0412rrMZNyxTBUwBhkfvzvA84vqGhssJzuFTypl2yl0PGickbBHepSX4JI5bjPRqWTOjDm5k6oyZxmI6fLCD3llvXb2kUfUOZIZ7ajNZLEzca9bmL7SGcMVZnuuvXTe4w09gTw8vdCwWXk17k'),(64,20,'eyJhbGciOiJIUzI1NiIsInR5cCI6IkpXVCJ9.eyJpZCI6MjAsIm5hbWUiOiJBbnl1IFN6b21vcnUiLCJyb2xlIjoiYWRtaW4iLCJpYXQiOjE1NTk2Nzg1MTEsImV4cCI6MTU1OTc2NDkxMX0.hmII3kl8AwN_O9zJlVSJ0fNoVM0KOqex6QPdX8qrroE',86400,'2019-06-04 20:01:51','RETzNDDf1uaMXLgaxmI7dzQl7evSvelHP9YK9WZ7cuaZmHjpWFdnuv1YFyADhOL64mdZbh3iCYTHeLASjdSFAQsjJaGTXyRzmkQmndBOWJkEyqcakntxLSOeXpe2NWOc4lNBnTGWRQ4RIm1GdYJATq5IdIicuNAPRBS52KakTXWgF1rjAJ02h3bJbennjM90Hhr4naACr3vVxueNwmjU2AWOEYaIVwm5nosUId59Ab8elkcOTGgBIrqaDDSWVlsJ'),(65,24,'eyJhbGciOiJIUzI1NiIsInR5cCI6IkpXVCJ9.eyJpZCI6MjQsIm5hbWUiOiJMb3JpIExvbGl0YSIsInJvbGUiOiJ0ZWFjaGVyIiwiaWF0IjoxNTU5Njc4NTMyLCJleHAiOjE1NTk3NjQ5MzJ9.4nH2uXUKs01EFdov-aczUhRKjsgcCbeXIpPpLLG433s',86400,'2019-06-04 20:02:12','UgnTO7B7QgtmBf5ecTkElzYesxxU3zMPhLeCfjpB7D0RWXnk6H1gZvPPsfYx20d6nOCartGKtqj7a9xVbvIS2sWznhZ0pDcvHKwjBlvygK90kCItgQ1uF93IJUWiRohMsgMzB4aw5jVxdzhWwqzvVA1jY603xLMFoXvtTaiGtHkp4uW0mSGIy8Z53bzjb1d18wBbZo2Md8QvGPuGDHDSHrsRMIVvaiUY2PYyyCxQKlw3tsdRNRgh3Ulwpqhdpvbf'),(66,24,'eyJhbGciOiJIUzI1NiIsInR5cCI6IkpXVCJ9.eyJpZCI6MjQsIm5hbWUiOiJMb3JpIExvbGl0YSIsInJvbGUiOiJ0ZWFjaGVyIiwiaWF0IjoxNTU5Njc4NTM4LCJleHAiOjE1NTk3NjQ5Mzh9.3aAeLbx6qE9zacFlbYlNyil3Juw0O427k-R1tQOCqKQ',86400,'2019-06-04 20:02:18','5o7lpo8lKgHCpSX1Wu9ig4Hzi7kMiTHL2Wj6CF9riEAxHZACZba5blAC7RQM0CsFET1C4eSjEyPjbescxqSmB8Fs95mwy19eHuta1lRzoTpgnfAss6TYlF2thskpWSok87ER51ueyVIFKmUzYcmdDmkCnOaAYpRLFj48cEoVYAVgKpPUazcckrQO1uRarYDd27x6nMbZQK0p5kv5lYH5n4Ginvd0z2WOFEwF7iaxukEmfEVr5AzPGl5uMM16PRnG'),(67,24,'eyJhbGciOiJIUzI1NiIsInR5cCI6IkpXVCJ9.eyJpZCI6MjQsIm5hbWUiOiJMb3JpIExvbGl0YSIsInJvbGUiOiJ0ZWFjaGVyIiwiaWF0IjoxNTU5Njc4NTgyLCJleHAiOjE1NTk3NjQ5ODJ9.lP5H1X_nbTGnrUP8usUCntV_TuB6O5yVfwJqLOPQL7s',86400,'2019-06-04 20:03:02','Ho2qkpwWm7oruRaf8WzDrZV9H5AhFIwRNjSDR5p20NewcVVcr0yvkFVBFSk2LNULzjit1Bm8XRRcs5q8UZpfpsJBh2RBIdYYkGNLbMLm1Y9BtfEnmIrkap2vSGkAQIG8lkppHtXU9cNeIUOX2IrK7ox5Oj17obcVGlMaossHB5Qwwrlz7yD4LrQfAzUua8chzSQYd1Pn9dipkN065c54AkGKpYa4KsWAWCIfOqlglzs7y5RbzIw03H4hqFlgbFjq'),(68,23,'eyJhbGciOiJIUzI1NiIsInR5cCI6IkpXVCJ9.eyJpZCI6MjMsIm5hbWUiOiJGbGFtaW5nbyBTem9tb3J1Iiwicm9sZSI6InBhcmVudCIsImlhdCI6MTU1OTY3ODU5NywiZXhwIjoxNTU5NzY0OTk3fQ.gx4vsaRUA9FKwMYR_VDXFUAjsU1n_XOQe88UremYTXg',86400,'2019-06-04 20:03:17','rRqhxPTLTTC8scvmDpu1KUPJ9nDkU4V37bQluX9mpDs8bG8POReawTe7KOzupu3pi6Jf2af0Zw98M9D4r2ikAaBJ9UKG9B16H75C9yy7aqNMkffT5vCMnLDFevPctjbYnG3fRb55bXUFvxE7GYDic66xVBHIps8LErNiCol66i3lNroXSDWObfgmgLRsXKh9wKPrBj1GEPgNq1AsFeeLiZeVMUiwOBXQI77TU0s57K0lOwB1JUGQdLf1aAcMOt3P'),(69,23,'eyJhbGciOiJIUzI1NiIsInR5cCI6IkpXVCJ9.eyJpZCI6MjMsIm5hbWUiOiJGbGFtaW5nbyBTem9tb3J1Iiwicm9sZSI6InBhcmVudCIsImlhdCI6MTU1OTY3ODY2MCwiZXhwIjoxNTU5NzY1MDYwfQ.VtOF-Gt1_t8KEr8wdZoYfFvsWWMfQqn-m6xddU5wPaM',86400,'2019-06-04 20:04:20','fb6O2ROPlubm3YmNHl4h1qPFfF37rEl6BpLncWc24DjZ66sDxirruort0PhbtcLXWpquzI5itoCjoW2Swyiv3CQudH605HzqEdjOCM8DRjVIuHyG6FQ3ezomloWQaAbmTqGvfoPTLGjQBrYg5TKxHTez75E5eOTztXk0SwGe8WlDQmK77KwH095PGLvWDGKfWHcxViXbDkT4VZ3ejj3izvTMURSXgMef9rmAdgFWF0sE0W7a2xidsRjG6MPtjCqd'),(70,23,'eyJhbGciOiJIUzI1NiIsInR5cCI6IkpXVCJ9.eyJpZCI6MjMsIm5hbWUiOiJGbGFtaW5nbyBTem9tb3J1Iiwicm9sZSI6InBhcmVudCIsImlhdCI6MTU1OTY3ODY4NywiZXhwIjoxNTU5NzY1MDg3fQ.7TjIKnqnUbCoEPPNmOySMwtKZIETo9VLo_EMvGH7w8U',86400,'2019-06-04 20:04:47','wXRHVkKI6qrZPpzsNcmEX0Ov6XhTTZqGtxcZNwlPtOmNMXdk7OmpLGHEzdXd3xenBVtuKhOe1yQtCF2SsJc12W6isukCat4R20pWtnyXdZVXpkQlVCMcdViw6y2mu0PODm6betBaANarxeNkq4Hoj0zhG2JagEQP44pOAQGyU9Vwy4mWiDqs891hoyMTM8o9vL5lPCpRe2R0Z3kv7WmUo5LUUVoLGEenD9R58KH84Y4dHeUjl5uzA01s4gIgJ8bQ'),(71,24,'eyJhbGciOiJIUzI1NiIsInR5cCI6IkpXVCJ9.eyJpZCI6MjQsIm5hbWUiOiJMb3JpIExvbGl0YSIsInJvbGUiOiJ0ZWFjaGVyIiwiaWF0IjoxNTU5NjgwNjMwLCJleHAiOjE1NTk3NjcwMzB9.iIe7XkEeUTgcFdwcHSwkaYE_5ycire-Y_ZZdWrjzrJA',86400,'2019-06-04 20:37:10','Dzn0OzleVjHG56T1FfPWdnOajesZnaxp9NSJDH34GycZSMaDidTFbug4Uk13cwzQntPcQjGwJXTv5GcUpjL3Zeib8iaZunoP9fM9X2KXveg18SdYS9wYB82l6s3wdsvIsJwZukdrUvAlB3l0uwOeASf3sGzW39PfItDSQmHjFTfjzkj58eXhxLIvBwo7FMGcB2VC4BNi6DArU1lNLCOtqF9F4xe8WfC0P8g34rEW1RmewzXjGsmc5pOgsJnjgCVj'),(72,23,'eyJhbGciOiJIUzI1NiIsInR5cCI6IkpXVCJ9.eyJpZCI6MjMsIm5hbWUiOiJGbGFtaW5nbyBTem9tb3J1Iiwicm9sZSI6InBhcmVudCIsImlhdCI6MTU1OTY4MjU5MCwiZXhwIjoxNTU5NzY4OTkwfQ.uSj08IbXSLkb7qEYXE7hJW7-vXOpyvW23DxIL89Y-Eo',86400,'2019-06-04 21:09:50','XZ7QNuLlOwzlbmczsAnKuuIJZB6D0s3qgh2zS2TRCquWEeHkSzfsEKLW10ufBR91mU8R3j8fwCuKdIH4WcUzUnt2byfV0hxW90ONf2sT3c5QqUOs3PXVwi1bZppqNizRhSHTsP1kyWD8pN6mkYe8lcVFbiLr2V1CR2emhXeIChUVE3CZmu3GAZUV1kxDRWULUkid0b6EyyZWO9JwrQaUC7UXk07suhe18fwBHUdHQeob24Upfe3V8Lbd01Gy00Nk'),(73,23,'eyJhbGciOiJIUzI1NiIsInR5cCI6IkpXVCJ9.eyJpZCI6MjMsIm5hbWUiOiJGbGFtaW5nbyBTem9tb3J1Iiwicm9sZSI6InBhcmVudCIsImlhdCI6MTU1OTY4MjU5NiwiZXhwIjoxNTU5NzY4OTk2fQ.ceod0CwExfq0seWODZWSkC1l2cYzBNnYcUD6a6GyF-0',86400,'2019-06-04 21:09:56','jHd3DpHcy1fz9Ujnn1yOK68ye9l2OPq9Ci1zOzal9TTQ7NKKZNZA1t07R9kywnY5QJ9f91N8fjZYbwPEOUam6dHNlmhUCHnls5z0YS7S4DfG72vD9u1TeznThZdlQFAuTTLhDe6PXcdKHIDJytVNnyQ6a7uT0TTZwTkSoTxOfJePrEajudK9qpRvCHzQnSqcfSc9aMvmZrRgLa0k0wldW9OphlKdgTrUkmnau1THOUCm3keQDFSTGHXKXJH2bXzf'),(74,23,'eyJhbGciOiJIUzI1NiIsInR5cCI6IkpXVCJ9.eyJpZCI6MjMsIm5hbWUiOiJGbGFtaW5nbyBTem9tb3J1Iiwicm9sZSI6InBhcmVudCIsImlhdCI6MTU1OTY4MjYyNSwiZXhwIjoxNTU5NzY5MDI1fQ.nJ1CBueSQMGk4Fyyz5sMiFMbENfNPeQN4LUPOkrHKko',86400,'2019-06-04 21:10:25','HQAZBZ3xGA0uRHGic7smELPvzyOSx5S8jGo0fooNvx0DdmNFS8JUyrDqHfcDc1Q6pyhsps1SPgWVSiXRzqTYLOFdbalzQmy71dxwTqdeXIDRDfh1k1D9N81AmM3w3t1Hwe6nNsJEgbiZRgvKbq5O6ZcfTfhI6X0IJygKAIbh4hbB9HBV6S3EF2QFxjg4OUWx8T5NARDIZOaJnr4F7T08rI7nWLPbFCbzbkJ1jfvcZY2UKxSLZPHHoDbuV4bLgKtu'),(75,24,'eyJhbGciOiJIUzI1NiIsInR5cCI6IkpXVCJ9.eyJpZCI6MjQsIm5hbWUiOiJMb3JpIExvbGl0YSIsInJvbGUiOiJ0ZWFjaGVyIiwiaWF0IjoxNTU5NzYxMTk4LCJleHAiOjE1NTk4NDc1OTh9.OpGw7nGQu9RqJx1jsZpXs0tOkYeb8P2bPKSDOLidK3w',86400,'2019-06-05 18:59:58','i6J0Iy8kka1SdQKTnmzU3XWXbXKhuVI30kb0lRtMJjCuFRoWEhgVkw0BfTByKYfsDYUZXkLid10ZjS9uNFYvsOQOfwfpefaoG3geFuLRKwqZiSAMvH1DlJeVfLokZmw807jYTUNEw6AWnYHtphjA8C2321F8TlriaECWpaTAw6q7fywKkl8qOepeVtHbKoMM97KJxDINv41cpYs3vDDR6deW7qmbboMjtEy5RtdMOt53yIZSBOu3NMNGijEQrHEN'),(76,23,'eyJhbGciOiJIUzI1NiIsInR5cCI6IkpXVCJ9.eyJpZCI6MjMsIm5hbWUiOiJGbGFtaW5nbyBTem9tb3J1Iiwicm9sZSI6InBhcmVudCIsImlhdCI6MTU1OTc2MTI2OCwiZXhwIjoxNTU5ODQ3NjY4fQ.xLl2p6JKR2EUyOJBRYLxPhkaT1E5s8pdDmqFYAAc3R4',86400,'2019-06-05 19:01:08','uSdpTaxPw3j3KB4eobdFcgcNN1t4IaKGNCJ2qJpzmwCMtMVSUtB1rOUbu0adAVT2dNXHhTNpATe9WidgA8wKOpsKwOZZKur137G2oD7C4tyHC6dmOC6LqQXKNnXuB2fW8KFN2wI0Hj0oHiEBa8ZnEBZS9IjEzRloNytS6rXIWP4iwgw6SietsGQZInVbHlV1yW7s4RHUbjPFQQyIxhuLLcL6F1dgJQlCP6JfWnON693F3BymOE92jzNWFvXuA04Z'),(77,23,'eyJhbGciOiJIUzI1NiIsInR5cCI6IkpXVCJ9.eyJpZCI6MjMsIm5hbWUiOiJGbGFtaW5nbyBTem9tb3J1Iiwicm9sZSI6InBhcmVudCIsImlhdCI6MTU1OTc2MTMyMiwiZXhwIjoxNTU5ODQ3NzIyfQ.F8uqIQUTRHaY4wtYnPK-Zir5YDOg7BfWFw87E_mxfdM',86400,'2019-06-05 19:02:02','QW34aDEboJjFmWFJFU3V1AcDViLeKrncXKNHDaiU0s7jWlmqR2oe0tYjMZCZv3wlV5up7eAsmAqPiSNpRn1TgRj9uVvNHgMLL7CrfWVI4DSBmXazVCgJbQ6fxJvJY4kZCSZtjD7PIyJqzIrDfmjdT2K7DkJW02CEjbDmhkO1l9C8s3jJnMvMEn8ddQkZ8QOShjZfhVRSZX2c2fHR3Nz7JNRxyGKhDct6cR9MKJPJVSjj5NcrtejtQAn6AUsPnSkz'),(78,24,'eyJhbGciOiJIUzI1NiIsInR5cCI6IkpXVCJ9.eyJpZCI6MjQsIm5hbWUiOiJMb3JpIExvbGl0YSIsInJvbGUiOiJ0ZWFjaGVyIiwiaWF0IjoxNTU5NzYxNzY1LCJleHAiOjE1NTk4NDgxNjV9.XqJhjvXIrgMDBLgRs_V8tvF1R8ZfU1wxDMm6FzMzCE4',86400,'2019-06-05 19:09:25','BIznjCKLIJ865AdLedRCiG3rNfz5UjM8RCaQTtKxGbE366ElmJ0rL9h0URhaD0FAMuhrA8b3bz9ku1kC5LWVWoUWo0VzIpWKwquJoXxcpFdwZy09g7eSEYz7ibRjzwJVTIWgPsQ5iOZHnLI33VXOZjh4WT8j5Q2jxFUdGMSt7ttmqcAYo8KO1tgi6mBIIyN96F7jqOjqNtmQyyeS4bTLPnYmA21qN9gst7zYBNJ68Lp2qzp0J6znxkRnfrvsvocv'),(79,23,'eyJhbGciOiJIUzI1NiIsInR5cCI6IkpXVCJ9.eyJpZCI6MjMsIm5hbWUiOiJGbGFtaW5nbyBTem9tb3J1Iiwicm9sZSI6InBhcmVudCIsImlhdCI6MTU1OTc2MTc5OCwiZXhwIjoxNTU5ODQ4MTk4fQ.gPe3Psf7ys9ML9Vm1t70EY2WI0MveYM3u9Gu__qLKZg',86400,'2019-06-05 19:09:58','DyPjeJN9yaMvwk7zBgKgMl22eGvhjuGxLNLc0w177SsrwwsWzjWlVTWutsGR9BZvI44TLzws3vtMRyoUN7mIF02BpnE6RxQ75S0goUoHJK7xmz6Kw2gzUUZO2HeBl7mEUua4chkDJeLCIpTvqS7OvrD70HZ1T09h64pIRaFwbE5pWXKkiwj9jj4RZGjSntvvZgPTgXNwPA1wqQJPkhwRERIZdgQfzDS3KtI8FJrGDIS20ST0ze535OAG10wllWkF'),(80,23,'eyJhbGciOiJIUzI1NiIsInR5cCI6IkpXVCJ9.eyJpZCI6MjMsIm5hbWUiOiJGbGFtaW5nbyBTem9tb3J1Iiwicm9sZSI6InBhcmVudCIsImlhdCI6MTU1OTc2MTg4MywiZXhwIjoxNTU5ODQ4MjgzfQ.HqJgqIQ5VZU9jlkfdG2AiWv6Z7BdBQjfepW6moDa42k',86400,'2019-06-05 19:11:23','K29k0zDYr9kPqq8tayT1t5prHfQ6hH85LznyaB5PNnFv37HeQNgsy3VGUeX4XvIdsyNUVk7uMJfEGxioVUOUcdQdyguUXUTiBh3IOCyn3VNHsb6DeskJSY8EW96pHNLOAZRIwlXFqRKRxjfSwmA84oGYNZC5DLkILir8rjKHdviHNmyDWZGT6N7XTrj1t6PBLITF7p0XjK5xn5al7SjCpL6roqBUopeOMLUh8BkZePMfoP4PAAy8qgb2Fk7CXhsf'),(81,23,'eyJhbGciOiJIUzI1NiIsInR5cCI6IkpXVCJ9.eyJpZCI6MjMsIm5hbWUiOiJGbGFtaW5nbyBTem9tb3J1Iiwicm9sZSI6InBhcmVudCIsImlhdCI6MTU1OTc2MTg4NSwiZXhwIjoxNTU5ODQ4Mjg1fQ.Rwf0Vxa4XguWWOi9blKx5fiLaS4E-uKU_U5FYSGBIKo',86400,'2019-06-05 19:11:25','gQq430EEVeK5dCznlHmO61f3zkEaav5hJTmZwQPDdaBGnwPdzPOJukZmoO1BEeZTtatFAg8eLeEouaXu1zI0M0DukcTVvZdY8DhtbMoIDHsH7t0iN3tZCZFOomPmmp4UHmhCqKNCsPNl1Qrpe7frrZJWL861aRvET0QYYC1r9nBzyxo4ZDVEw3jsVZC2RBlb5oHs2BMdHPm5CcqPtonlhOQXxQAJ0Jgc9fKYRB2UXfwHyAvc5wTBsS7W8xKJnIrw'),(82,24,'eyJhbGciOiJIUzI1NiIsInR5cCI6IkpXVCJ9.eyJpZCI6MjQsIm5hbWUiOiJMb3JpIExvbGl0YSIsInJvbGUiOiJ0ZWFjaGVyIiwiaWF0IjoxNTU5ODA1NzA4LCJleHAiOjE1NTk4OTIxMDh9.Z2vk_VvopWYlOYY4CwwI0tMLWY7hR1Z5I2Kn3H3Svhg',86400,'2019-06-06 07:21:48','mJnZrhwg7sxB0onokQL1XV5sht4ETu88Jjuyd363Gzk943ASZBYv0oaXMOx4Yq3GsUOKv264q2KmbLs5xwBEatVkbf8i4m5YD1vmOOVL5gTV71hQ1SU6ueSzOI7hpGyFse03FqkUpMcTLGNXnbHAoa2d9MpLRGGXjEREOHmBYA71MokDBSlljl4TeIMMlJ7ZGwLyqsZxukNA5ExCmcSJGq3kgjpLRXcoyUrAVUwn8zhuMJSssOqcDfDw9J6XyaOB'),(83,24,'eyJhbGciOiJIUzI1NiIsInR5cCI6IkpXVCJ9.eyJpZCI6MjQsIm5hbWUiOiJMb3JpIExvbGl0YSIsInJvbGUiOiJ0ZWFjaGVyIiwiaWF0IjoxNTU5ODA3NjkxLCJleHAiOjE1NTk4OTQwOTF9.3uwbG_F9fbN3TTUlRS__BQpE0bizLLVTdqHW2TX_QBk',86400,'2019-06-06 07:54:51','n1HLYZDTEgMmtaCpQrLnwirUSgJr9vwMY0dYzIqu6iLnfcwdU9rLeVeb8HTiftsJsf3fibRX5oP9ZibUtP08MrIgjZ0pFK7nEIpzJgTg3sAo0dZL8AJwg6CKwDbf4FPMqAlfg2YPc5Mx2apsN9B395WsyNP0ZNAeOKFXiQ6RaAYur6G45Rb7l8WWLAaH4K0D2Ot1dfoiDebdGz9VZI528MpFaUWeOzDuiiiNzH41dPF1sp9kXHqZy5wIPapqW8HJ'),(84,24,'eyJhbGciOiJIUzI1NiIsInR5cCI6IkpXVCJ9.eyJpZCI6MjQsIm5hbWUiOiJMb3JpIExvbGl0YSIsInJvbGUiOiJ0ZWFjaGVyIiwiaWF0IjoxNTU5ODA3NzA0LCJleHAiOjE1NTk4OTQxMDR9.2Zdfh6wTSXbDytD3UOwHq7_DY9YjqmRz5Xp2c8GOj2g',86400,'2019-06-06 07:55:04','Q1pL9YhW3GOm1x0mWMXb6xFmnidcXqCxIgM9YHbGDnpgI3fW1kMBNPgrEmJ5dTKCOwvJaQvedYNRxs6xFndgSBdv4Yu6pB2r7zRr8xTXtCFUT77GF0JVfcxyP6WM6izNyUgd4BuoJHwxKJSi4G87FQT1vVS4IXz32mzIoD3mjP6wJblpiwWmoJFdf5ANphnWFNS0AQEI1cmzRRonO1S0aceYeHLDlp7ZWT9AcQK6HfhGStyFfDGrqGR2uCtJxx9A'),(85,24,'eyJhbGciOiJIUzI1NiIsInR5cCI6IkpXVCJ9.eyJpZCI6MjQsIm5hbWUiOiJMb3JpIExvbGl0YSIsInJvbGUiOiJ0ZWFjaGVyIiwiaWF0IjoxNTU5ODA4NTY2LCJleHAiOjE1NTk4OTQ5NjZ9._jZiLIQtbUkQxJ3TuCSeY_GO35ccehrK-WYIg1i7FDU',86400,'2019-06-06 08:09:26','wEce12ILfnnh0By0bwrUuqSQAmbhZgjPPGdsZoMvlYdX7hHa7CYkhASk6yEib21ziW7AGik8zdS6zc3KCxG4yMYGd2fdwNXfVkDMnIkl95hDv8epSJzGnP0a8mmXEhvx2f2bZaGOUCuKugLprZ6vcG2nWaY5tUBJdmwTbz0NyWJbIT2U5Vnae8g9CJ7j5qOXla3h4D6sJyagaQGdQH21zAG7zHF6vs2qstOaE6ntyHc1lEb1g0WTX1X1dSrC2flc'),(86,24,'eyJhbGciOiJIUzI1NiIsInR5cCI6IkpXVCJ9.eyJpZCI6MjQsIm5hbWUiOiJMb3JpIExvbGl0YSIsInJvbGUiOiJ0ZWFjaGVyIiwiaWF0IjoxNTU5ODA4NTY5LCJleHAiOjE1NTk4OTQ5Njl9.lRrUS4GSvfkbwqBBoLBDtPVDDroAHbqrmHxADI8FqNQ',86400,'2019-06-06 08:09:29','VIIxNWikbJHr9hmpq0Rk0Tb2CdO6iXWEbyW5lquDFyQ9V9Zl4KgLVTEU9l6iBgxspSwexniQOVwR7BvUlRA1ftUKQJ5dEpLjvFMbTOBttOFM2sMzuuQNx0YMJ6IMY4vSfT7eHoir8xcF48IXTS3Hrydu9kPg0mncJ6XPe0fJxDuArdPlWd4cD0AeXZZNQAI6hxGoBmvzSpQvPQCx2Dog4DYYFG4groadrn2aTrZTIxqrAPNkushoAkwiNI3NUInp'),(87,24,'eyJhbGciOiJIUzI1NiIsInR5cCI6IkpXVCJ9.eyJpZCI6MjQsIm5hbWUiOiJMb3JpIExvbGl0YSIsInJvbGUiOiJ0ZWFjaGVyIiwiaWF0IjoxNTU5ODIxMjQ5LCJleHAiOjE1NTk5MDc2NDl9.odbXZPS5dudCYx3S1ScQOfsfA2S86D3UTRCG3THSMcc',86400,'2019-06-06 11:40:49','UBUaKO0CK6spI3zDNdN5v3ywtR3HimInoKvY2C1oVH9NNuva1g4JNfva8ezVq1QPy2eAgEySLirOW0IsG6RY4OwblkO9ilXf5Ljx1V1qsxEUPVfIo7HjttXrPtvr5gx0We1UW6TZPqnr3h2LcAC2zPpRgnzC0LuUXlitq92MI7r6yNQw0cJTioei1PK1COZkCeIuKXhslrKunv3nzlBzpmzsdQphnJn79WKi1XDXke1sbsAlSklWnbvJl8h49TXP'),(88,24,'eyJhbGciOiJIUzI1NiIsInR5cCI6IkpXVCJ9.eyJpZCI6MjQsIm5hbWUiOiJMb3JpIExvbGl0YSIsInJvbGUiOiJ0ZWFjaGVyIiwiaWF0IjoxNTU5ODIxMjU4LCJleHAiOjE1NTk5MDc2NTh9.QsY2B8e1PlvhA8wai-txXDUd3oxsvHM02y4ACryyVt0',86400,'2019-06-06 11:40:58','bTOUaOyIiIXXBvmzoEzwGnbVE0KeLv4iuuS1Bc4p3LstvenfQ955UoVsfLpW1Maq5DgOEPqyZ2GznRqWR9K70KUNa7d5bGM5AFPXDc7JDue0fI25oM0rpWMIbOsKqur2fRPIS2BtfEBtpYtnSvzZaszIA9FLu2xWORIdsMq35kyP2bFhVtIxye0mXcJEaso6mhhxW4B1unsadVSQmjL5FWOiaCvSU7GzaolMhwVWFOFykPNQqeTiyrh9Eu7brexl'),(89,92,'eyJhbGciOiJIUzI1NiIsInR5cCI6IkpXVCJ9.eyJpZCI6OTIsImlhdCI6MTU1OTgyNTQ2NywiZXhwIjoxNTU5OTExODY3fQ.tbeE-9TMLuGBAkAuK4AdaxIv62jbNFOFOb5AHd2UBBY',86400,'2019-06-06 12:51:07','JcMsrWdPAWNfjeiVZZa2wDlZmXFHApsWLsDcWV21AqIHg4KesPLuWAXpqQwalX5UY9fKd2Aw0rtHi46K8evCsQz0gPHSgJueJD6HgObkNutdqBBCRkOji3TNvwlmw1CLr9XVGtELLs2BPkLgq6sfGuZNXC8VOskA2wHs0JQFA7AIbr713A9hXp2AwoGVDtcgEyI78Stz4OwDw846IdB81nFJCAQxTyuH7pfNlKAXlK4NJQo0e6XWkDRAaa7RFHds'),(90,94,'eyJhbGciOiJIUzI1NiIsInR5cCI6IkpXVCJ9.eyJpZCI6OTQsImlhdCI6MTU1OTgyNTQ5OCwiZXhwIjoxNTU5OTExODk4fQ.zgUI61HGteZS7b2Ftbu60PlWp62n6aQT8kG0iG70bZw',86400,'2019-06-06 12:51:38','yI2B5e4W91EhqxJJ2jarP9ncRqcwL3cGSMwONbKIexvhjOROxYGDd3eFgTT8NhHYN1LGeAfdjJ3Uj7xNYYRO0vJhrDA1mQV4npa8YuwFE39xpF1KVvZ7exwiQ7BqIwuHsPHJ6LQ9TKTb5SdLz2b2jkZwvwSHT2nfDIPclGbUlOhW3au4doDsXJ5zx60MR9jibWIhcAMIwnBjNXaI3ouEHdxkkzForW8tL8Q7WHaW3CzmDUDmpQHSQYVAXYdDFSxO'),(91,95,'eyJhbGciOiJIUzI1NiIsInR5cCI6IkpXVCJ9.eyJpZCI6OTUsImlhdCI6MTU1OTgyNTUzMywiZXhwIjoxNTU5OTExOTMzfQ.GnVsyrj0Jm8TjRZ6CqYofNFXY6X4QD9xiqwS8zZg724',86400,'2019-06-06 12:52:13','xKN5QKOnCVxJFUHpaaGqal9LskLmaV2d15kWUIoOpQ9TOeB66gdq7oJdtsMUMXtjroSQZ0n2df4gknCv62hSlf3jIpvzVVtVyN3BKFuGQBRapzhANUzTMke1eFlIuGMB0nvDJQTji1uO5VjvgoDHFuQZ0jbrz8Lg84BwEDo3fZXrQpWUxx346zAllX7D80tJXh59KZOgYLoeb1zZ5BKlRainuQG1dvCEiALoittazdVgrDPff0qfekBCXFLvva0S'),(92,96,'eyJhbGciOiJIUzI1NiIsInR5cCI6IkpXVCJ9.eyJpZCI6OTYsImlhdCI6MTU1OTgyNTY5OCwiZXhwIjoxNTU5OTEyMDk4fQ.6vr1w9FVZg2bUmDaKEjdz8brFulITbJuisnDA2EDLvs',86400,'2019-06-06 12:54:58','RseT7uNCVGo4El98vxzeRlGqvUVcAFuuGwaRnn4Hw42UAVWCNA6Tg4auu46B98JaBLfvS0SwB9C2C5Cn528uWXdjPbuQOas2odcfrcH2o6rH18sFWNymVN8r2WTnE8ZjPVQ6qxvHdpKwgmym9jVxzywHcSxJ14JPcTBazxHeSHe2YtxofcD43bckx3jjxL1RA7VYyw2ss11Ud0npYWmKOTnsXs726Rybe2Kwtc1jzlgutllv28srJbEyXTiLq1NM'),(93,98,'eyJhbGciOiJIUzI1NiIsInR5cCI6IkpXVCJ9.eyJpZCI6OTgsImlhdCI6MTU1OTgyNTcyOSwiZXhwIjoxNTU5OTEyMTI5fQ.oQCzpaFa7xvFggF3nDWPLr1tRVodzcW3Gi78CyESrE4',86400,'2019-06-06 12:55:29','hI41R7hCsupRZmhc6a4fDATAJ04W3qVIl6uSnGzvGmvldMgvv4RzoLUglIKYhcjl6JOSP0k7LOs2sCSlNktr4OoSVotuukd9cPvpDZGnwclbXLFaQvCuS2Cw7g5wK8Wb4flfavuaKlpADiy6UzEPztcnSk1v7tJ74316k0jJnPTibknjTHn5BVNEREdNoW7mFH85WFRh8WGGLYhHmFhtQBR4ePcGODBeZyIPlwNwa8D5VwazcXhAbaP2qFwkGVoy'),(94,99,'eyJhbGciOiJIUzI1NiIsInR5cCI6IkpXVCJ9.eyJpZCI6OTksImlhdCI6MTU1OTgyNTgyMywiZXhwIjoxNTU5OTEyMjIzfQ.sWjzCUJoEmVEsuHOQwUyX6BLav4ZZsA6sgr4BNYnQ1M',86400,'2019-06-06 12:57:03','0JDFhCXdrMtc3Ix8maoppCdDBLj8ieloDLSP6tKstdZLYfilO2QWaa5kzT7wISd7iWYlHxj2F2sgNPywne2DZJK1VTrilGftwpeoBswhGWEulaNs98OSTtOspV823qOQnEaelPNPT2VpMEPsD91dHi8dlGqEh4fQ35ZeLH0MtKVQGw8DFhKs2r9gwwwmpo3KORcBxm2ci6y3Ko0qJykbVbfLDAOyw0MqwabhvXRyjeLz9AjSsl66uhlnDFTkBM62'),(95,100,'eyJhbGciOiJIUzI1NiIsInR5cCI6IkpXVCJ9.eyJpZCI6MTAwLCJpYXQiOjE1NTk4MjYwNDQsImV4cCI6MTU1OTkxMjQ0NH0.KcHNoru8_04RI6EwltcYJCQjMWKonLUuDM0bv5f8AxY',86400,'2019-06-06 13:00:44','2LwFFnQ2evl2vWwu67MnBFUTBhSdzVHf4IK921QbeU0sOVVKSWkCDeqDDyOuQphCK778Hdkw84uGg5dMQKbH5j134LjD21OjzL7boBIxLhsrnalEAlifjkrxH01tFLGUm3pxwvbKvIPXGSCshDeoNGwOg2azI4FgaDh8HQ1iBEGWLeiJUSXQtEJUr0KqODI4Sb7jdzVvdSs0al0XSUMR6akBXUS7oz6BeXvoHyD1KCYjmr2xegXCWCaGpsq9W7kr'),(96,101,'eyJhbGciOiJIUzI1NiIsInR5cCI6IkpXVCJ9.eyJpZCI6MTAxLCJpYXQiOjE1NTk4MjYwNzUsImV4cCI6MTU1OTkxMjQ3NX0.5_AuEhkvFhIpYp6jJtVQ2Tt2jfW6B0Hp7Zu41Nxnh10',86400,'2019-06-06 13:01:15','DxcdWruhMf9euPM5iiWD8rshcvUdQxJjol0aNJlTAa7lS8UmpnY83Fhty7LP5Jov4meYZrNC0wEq7Pkeax3GuECdh84wrEnmeYrh5SxiTjGYGRqq9Eurz8fR9hqAslWVei1pOdwdZuUfVwZsFDAXEFOHo7jzeoMsl5o5b09jUvQmucsJiX4qVXdlvWaUPSevkWqXIwlc3eZBXgk040x9OotwMauB1sMod0s0KbnR9gkU0YGgponDRJK1MInz7goh'),(97,102,'eyJhbGciOiJIUzI1NiIsInR5cCI6IkpXVCJ9.eyJpZCI6MTAyLCJpYXQiOjE1NTk4MjYxODIsImV4cCI6MTU1OTkxMjU4Mn0.OmybIhfqhjyCr3cY9dcVbY2QJFO1iYexSJ9HMtgMXiM',86400,'2019-06-06 13:03:02','r5FcrS2yHRqHvrbmWkZbrcoNWmkpnOt9RDAeUh0PodFttYBOIBNxnIzkGHTCbw1vFeG2exexItfi97atE4DuSJcdzQQizNCnmqxl5CWFVFTEadjTywYj1VMdAtp19M8bBrNMH68DEDqOnyLWQNCMRb8U3hsWzM7Ns4FtKVsLrvqqTr4FgRrCWrmwRY21MycDLpvwVadmRX79yF0TsabKzyyDNFSW8JUXgw4z090hYsB0ZxeX2jxXcM8ZEoeq0Vmj'),(98,103,'eyJhbGciOiJIUzI1NiIsInR5cCI6IkpXVCJ9.eyJpZCI6MTAzLCJpYXQiOjE1NTk4MjYyOTUsImV4cCI6MTU1OTkxMjY5NX0.MQQB24Pb1gi0RsJxyJJHKZUmOSW_uneJGyMjdP00X70',86400,'2019-06-06 13:04:55','mAuCdWXRP7Nyi4RAZq8CI5E9hyHkRryORVlYsS9GC3XneLd1vy7vJLv8t87tYeX2SqdjLuvZyWr20cyJvpZwjO4aweNfDenRY7gSutnHeLajmPLBk6oT1DTUBc84W9LKp4ac1lnQXgTV6WCBQg1d5ftzARVzVaCl5fCfPi36GicDhLb9XtlDjfy0x2MrawhiioQUztNBfyncgLQULBa87SQPM0fjlVHDfvADOxOSyv1Qyf4dVXfFnXX0BqS36mlP'),(99,104,'eyJhbGciOiJIUzI1NiIsInR5cCI6IkpXVCJ9.eyJpZCI6MTA0LCJpYXQiOjE1NTk4MjY1NzcsImV4cCI6MTU1OTkxMjk3N30.sJOk6Ua02T3Fnmzi_534_1S-mYUThueURJsUUBfsmNY',86400,'2019-06-06 13:09:37','gzLjzu1XeVjj1QRi4m2JNZaj3dY49yxXoRVSEZmVZLOPf1y2XxSL5mY8wx6oAraZN2g59Pv54DnogmHNXR82nSulOsIlsJTnbQWOgNIxx6kQjs6MsW8YalD6DZnWcmCZWayQVaaV6SolbsnX0klBoVPpqZ2pm4mNVjyRxRuWWtaSMea0dMksZS4L2oIPlSKVs55HXKHZZ50KoUVnM4h66xS7O9X0wJq6hUVyRGHc8P1bxbhGSzHGs7fpCYzJ55gn'),(100,105,'eyJhbGciOiJIUzI1NiIsInR5cCI6IkpXVCJ9.eyJpZCI6MTA1LCJpYXQiOjE1NTk4MjY2ODQsImV4cCI6MTU1OTkxMzA4NH0.LeCTfz3lsfjZXn_cJFF2Env0DBCwROJxcp52lU6nVik',86400,'2019-06-06 13:11:24','rGT9ledqcUA9dvP0CcHePJ887CM2NfWUgct4oN4Rh5P4k4O7kQtiOXXY1GDZj7zzT7vE92COLGRf16X30LlxnvGe6wXJ2wlTbMJ3ZEwKmrs0TFAjIVHkK0Y1834J002OInfAExpu1ZvsUMlwpiyHcIMaUCZXggSuy01q5NCzSl4doxNxtX8K7gVzhD5UEykj0whqpsFTMXPiRWVbSbLdNq3a7oyJclw1yuklbT3j3Q7DlxpWlLSIa1xd4Q4TCk3F'),(101,24,'eyJhbGciOiJIUzI1NiIsInR5cCI6IkpXVCJ9.eyJpZCI6MjQsIm5hbWUiOiJMb3JpIExvbGl0YSIsInJvbGUiOiJ0ZWFjaGVyIiwiaWF0IjoxNTU5OTA0NTA5LCJleHAiOjE1NTk5OTA5MDl9.rYfHYqN5HTpW9HVROcfp7D_VxdQJC2fGQEg_rMVBtWo',86400,'2019-06-07 10:48:29','YBc5mT2ktyRg8nrN44o9f34xORTGk8D6AsK8LIC6NpPhKb6vqPI28iVzMOE6tdMqEaeZnuFKBBwHHmBKcSfdGX05sUZtFvZy2Q08IDCrxfN3Na2RUG0FmXR8Dj5oHtmXeOywS39ctlMWPld4DxMPfCc3dqXS6TRMi2HO4GCSwgO56CAS3LBi0l5dGfzoG0jKyg487S5SQtJSthN2WRN7W7qqXfkDSUi2GJaGDRGRA8VIL5MS8IrahcXnxl2wbtI3'),(102,24,'eyJhbGciOiJIUzI1NiIsInR5cCI6IkpXVCJ9.eyJpZCI6MjQsIm5hbWUiOiJMb3JpIExvbGl0YSIsInJvbGUiOiJ0ZWFjaGVyIiwiaWF0IjoxNTU5OTA0NTE2LCJleHAiOjE1NTk5OTA5MTZ9.pMcYH8s58TQe_CV08glBV1jRY2_R3iOBFhsjlK2LJ04',86400,'2019-06-07 10:48:36','MO5oJwuRJVVydM93g1PwUtzSkzuDozjpOzPE7y6m22YV0g3HoBqsPNwUCXaBOy3nXkXSNjJ11XTfx6uq9FawdZvfkxq6GTrsP2SMJn6zeTdV1L8z55abtqBbeXicld7WwGVhhQ6xzhjkUztnVsEsYqxjYpOYjgIH6ek7bikkmE5Q5viEYv6ieYvAaiu86yQn0b27IG8THeZMLHJJKVdrHlQON8bIjbWCixi3n74wbpIejSRFxwKP9fHVjJ4lVfqm'),(103,106,'eyJhbGciOiJIUzI1NiIsInR5cCI6IkpXVCJ9.eyJpZCI6MTA2LCJpYXQiOjE1NTk5MDQ2MTcsImV4cCI6MTU1OTk5MTAxN30.gl0t0rH2EJUc76FS-657TzbMAzkjUADbQ06-xYlSzn4',86400,'2019-06-07 10:50:17','ziIaQLFomHofJJSYDIfb3TQv7JhLFrgpijoPkipFIjdRjchKFXC4gENaOWPR2zCSgoWj9tQP35vhz7WnPnCoN4l4G7hSGZ8DZpsLTq52ArgmGel2J3ZlIbQkefzjWqIJ3Q9cJIVF3sBmVdbbg9gH8T0rkZvAnEvAAnUXJdAyT9UqyppAtJFo6HUhjd0euSethmPbFsp5nuBLFhl2hlfV1einbLr4utdjRDSshlCTEYmJp5Sh68Upx9XjQD9XX4n5'),(104,24,'eyJhbGciOiJIUzI1NiIsInR5cCI6IkpXVCJ9.eyJpZCI6MjQsIm5hbWUiOiJMb3JpIExvbGl0YSIsInJvbGUiOiJ0ZWFjaGVyIiwiaWF0IjoxNTU5OTA1MzI1LCJleHAiOjE1NTk5OTE3MjV9.ThHTRFwBb5XpDI9cCDXNE2QojgvuPuByNjuIwU0Rnj0',86400,'2019-06-07 11:02:05','nnFcPccEWniKJHCRb3H0FghYGvQUj5DlTMdgDItz3On2emEpKFVvKmkWZIncYwWHzDaUpZMKuUnHIzUi2166aBaahKOUpzTpNpJoONk3EY5SKvDdBudoeZN5NBt0YMhWi9lCQH4u9xtGq4S5QsYKxbTWK3UPcqcxLqDmzQFV4HAMKlW8rhzNWtMe22PQvt0edkcymlpwLPHwSgb4Ah8LE6OPZSvYVeR3U6YhxIQoePG7Okv3PAZV1pLve2VjSDtO'),(105,24,'eyJhbGciOiJIUzI1NiIsInR5cCI6IkpXVCJ9.eyJpZCI6MjQsIm5hbWUiOiJMb3JpIExvbGl0YSIsInJvbGUiOiJ0ZWFjaGVyIiwiaWF0IjoxNTU5OTA1MzI5LCJleHAiOjE1NTk5OTE3Mjl9.vCkvYl5m4JUQJARnZEn9aqtBT6IGUSeunR8Wm0-I6OI',86400,'2019-06-07 11:02:09','mRrQtgO98ONi6DiEfaJlEabTs2GEjkO7wabby5T8BKcYUWixK8WMvLTSZDCd95aACiT3XOeN0vO7uvHa1JGRB4a10wWD7kN0hb9UjIgNfY8ug80l4bC2yDl5WJHSZ4KH2UVbyAcKC7K3pbyqIS7VfJMpflO5RHZFbBqPWvIYNi4cfYu2i9jl3FIYmJivVoBAc12ZZqZvCyU9fehN7CeI3fxCW1oaqfrnyQCl5O3N80BA0T7RmV4bXgwayIq3oGft'),(106,107,'eyJhbGciOiJIUzI1NiIsInR5cCI6IkpXVCJ9.eyJpZCI6MTA3LCJpYXQiOjE1NTk5MDUzNjUsImV4cCI6MTU1OTk5MTc2NX0.iG9D2rRftpoUA2Wm0KTVGSwHmHVkEdxKf9ZA-XMI1Bw',86400,'2019-06-07 11:02:45','xtQQ5nWpIQEWlTTcHDJz16S4N0u02IeKtcs34eIpmsH83Ol076YGySLS5Dh8T7mQOTkOs0jTV7IhEHmfJCgbmSsRyPRCJInn8q6MRZzw5Y3FcnU3fuXsfbmaj7xvEykAqhQeFRE86NE7FvdbyBr9jvqCeJagyzF3vQe6yGaF8Pspx1ULlL5YvwN0zYSiHKECQ3Q7bMeRJfqy3mBNJedS0xACZM4VOYeiZAKBPdjZGKKzfI0iUmkt4sJzwLe3EcRX'),(107,24,'eyJhbGciOiJIUzI1NiIsInR5cCI6IkpXVCJ9.eyJpZCI6MjQsIm5hbWUiOiJMb3JpIExvbGl0YSIsInJvbGUiOiJ0ZWFjaGVyIiwiaWF0IjoxNTU5OTA1NTc0LCJleHAiOjE1NTk5OTE5NzR9.IE5LFQi1T8ANRwpMsTnuUCiUuNWnhlf2n5DlTNN1zJ8',86400,'2019-06-07 11:06:14','lvvStJqDOT02FqreeLIvbl96Vc3mFQ9IUvCANbC8qIuwWnnfGEJ3V6KFoX6K8iSpi3tArbj2Bwnk4oKwRxTMP7BSx9ASbYxQ0x7yr5FP3iZsOZJBN5vWIY6Limq57qMlstIYcjOad0ncjGki4pYqhYbZmXBMULxEIGM7ney1dOOYtAXJmCDizjNP3nngGnAYpqivGbKdXoBAhSTeQK8ZH495Sq1SRoG7w1v9VamuussY4yMAH9AUbZDsbrLjxX4D'),(108,24,'eyJhbGciOiJIUzI1NiIsInR5cCI6IkpXVCJ9.eyJpZCI6MjQsIm5hbWUiOiJMb3JpIExvbGl0YSIsInJvbGUiOiJ0ZWFjaGVyIiwiaWF0IjoxNTU5OTA1NTc2LCJleHAiOjE1NTk5OTE5NzZ9.oTQxwD-CWh1r26ZqLgsFYQhk_KL3bqLRlLqrei0pYT0',86400,'2019-06-07 11:06:16','RX9PcGi9GPYNnQLJg830DkuIkJuisqHn4h5X2zSpw4iIYaWMp4JWfdmbNRK8ZFoe4AImd5YRmhyMOD7bIJRRSauj5f1NNeqY1gDOA83NKsjibYMMnDv3ST8GdbSRC8hX4QqyBN4fAiiQyD5yHh7SReLaeHd2sMnApvctJcZzGd5IP1GLDQ3WRDl8mD7fF49LABpoCwDaqYYMrq1b6KrAwBfOzGFus3h8DJrKc4FuQZ4JjAmoCybsitnV4oWQrE5h'),(109,108,'eyJhbGciOiJIUzI1NiIsInR5cCI6IkpXVCJ9.eyJpZCI6MTA4LCJpYXQiOjE1NTk5MDU1OTQsImV4cCI6MTU1OTk5MTk5NH0.vPNFw1EO4oQ4X1L4_m-cEIcVYmGIaRItHy_ulqbRvHw',86400,'2019-06-07 11:06:34','7dUszazwDUXaWgYE9yfemL6d1LSqUdPzAkTAzyZiRfPmGS82JMUBMuYjv2WkpziP1qdInV6sPEYmCxX5JwAxxSRZ1A7ZqxLC2bBntOa8V45S313DvvzWDk1J7qnHeGkBB62SNbHsz7T7KmTsK3Gxi6KZkM6SnpHepoi4wDzYid6PI63VJ0yH5Jpj5D75VIAY45pUCGTNqV8xqegrc1Wgq0QrcexlIckF8Dt0jPCl0mXri4RT67CgraJ2NG4gP64z'),(110,24,'eyJhbGciOiJIUzI1NiIsInR5cCI6IkpXVCJ9.eyJpZCI6MjQsIm5hbWUiOiJMb3JpIExvbGl0YSIsInJvbGUiOiJ0ZWFjaGVyIiwiaWF0IjoxNTU5OTA1OTA0LCJleHAiOjE1NTk5OTIzMDR9.ING7nzk596J2y2WwT6xTUVF44kUAnn9_khn56tThjsQ',86400,'2019-06-07 11:11:44','RZ9phhr8b9jCOc1goJlIsmE7vNzNifMf44Bl8TEVD1Jnyh7rvVoinkKkVdQ7lGGbYosvy8NlQiy8ROeYJhxUeb9mpdTzboXBfM5vir8u67V1rlNDev562K5OLZoaUuCRFR0jlmcDP60f1bKHUAuUnwF0J74XJu2xywdgZJsWynXAemhzxO3NTOd8H5XVr0yMkYUGbxWn3fE4PnnnaCpUAAETcLE9X5QO1L5PzEvJdNyUpiNq6901DywRqeYFPF9L'),(111,24,'eyJhbGciOiJIUzI1NiIsInR5cCI6IkpXVCJ9.eyJpZCI6MjQsIm5hbWUiOiJMb3JpIExvbGl0YSIsInJvbGUiOiJ0ZWFjaGVyIiwiaWF0IjoxNTU5OTA1OTA1LCJleHAiOjE1NTk5OTIzMDV9.Ta1HfLEsaH2Nxm3Fi-cJA4HCU5u-mW0ZPmI6HAb6Azs',86400,'2019-06-07 11:11:45','KXXEmEFT4sHAOWgyJqJnKIAVzwGt5jHEy5ZE9A0qnDNFYWjG3HcFQKuKo5mYKQVABIARIzLUyo4OkEbztvKDRCMU3ldqEZStDRqcG0Q2JlMo4R82Zv3DZlEMaeMrOCJvuH8OfCc3di48b9BDViIgwc0TuJrKzJlEjz3Se9ohBD6HLIa64ey44zWGvVDcRetqkV6IzIzrkRkNf05korrVJrZfkoEu24iWx9RHPFi8ar4uLoamsToTUkzgMFoohevs'),(112,109,'eyJhbGciOiJIUzI1NiIsInR5cCI6IkpXVCJ9.eyJpZCI6MTA5LCJpYXQiOjE1NTk5MDU5MjQsImV4cCI6MTU1OTk5MjMyNH0.eM7TWNDr5BVzscQ8D5f24q9lN6G9j8Gfy00kazVGCZM',86400,'2019-06-07 11:12:04','EjbO6znCBT9dVS9rNwzSlybi5VJAfIrXougCeVd1S0vuzm9EC3nhKVXsG4gEFKhP0drXaGIw4WCx2a5m5qgvjONrAevXCgj6sQnWRM1nVW8L6kfpTQKwS5rU6sKtJFnsoGl9Rf8SJ2pV5TpFfOrrZHAy67edtlmoVz20ewDRay599KjrhKxQvJ0CFeU9lZBK2gvRr0v9QhaNoz5bbiebmWhfFvXRIxxQ6B0L88uEsyDr1Mfe00m5DNAnRvW3uOc6'),(113,24,'eyJhbGciOiJIUzI1NiIsInR5cCI6IkpXVCJ9.eyJpZCI6MjQsIm5hbWUiOiJMb3JpIExvbGl0YSIsInJvbGUiOiJ0ZWFjaGVyIiwiaWF0IjoxNTU5OTA2MDM4LCJleHAiOjE1NTk5OTI0Mzh9.z4KG9yeinfZtr7Ssa2FcShlWZE8f_9jS4s_JM0uI424',86400,'2019-06-07 11:13:58','qeUge1uW05VbmQc1k1r1RA0HnaAMjOOeCuxsw4gCX37I27v4dWyFXwYlqRu2Ai7EJgeWfy2ULwkJVzr4l3LGMf2gaipjwLvpcpp7SrfuauILp5tnvRY8VpqzH519IZBwSQem3XEcRGer6HIbIm0cFdSfFycoUXgUI0UVPI7t9zKoi8NyvvB85NdBSRLLiMlWWucFC8guKyQrpdumQNOpuaIRSruEjfqghIyoGBM9Yg3OWvVzUl24UI8rOK56Z4EQ'),(114,110,'eyJhbGciOiJIUzI1NiIsInR5cCI6IkpXVCJ9.eyJpZCI6MTEwLCJpYXQiOjE1NTk5MDYwNjcsImV4cCI6MTU1OTk5MjQ2N30.OLybgtJCZ-BTRaePs2xwuAcScS_YHsrOXShYFQt-yk0',86400,'2019-06-07 11:14:27','3EigjyZdIiLoYMpSEEOYT9d2UBvd5Vi5NRsITylLbH1BLvFocMs7l0tWMqw18R2YkzOGsSqTqQjBzxp8L0LinQy1ELGpzzuAOeuHg9s4x1Y3MHKIGWltNdwItXz1sKa50LLIC6VcCge1fePueXOEDo2D9Jp8m4BOp8TjENcZ11uDuOrYmXBn2e7ai4XQRv4cKBKt08KZKWfyyTV3vvbUEJIUkCt6fhWQOEKasjl2Mq3Z3XUtwo1c7kvA39MGhXd3'),(115,24,'eyJhbGciOiJIUzI1NiIsInR5cCI6IkpXVCJ9.eyJpZCI6MjQsIm5hbWUiOiJsb3JpLmxvbGl0YSIsInJvbGUiOiJ0ZWFjaGVyIiwiaWF0IjoxNTU5OTA4NzI0LCJleHAiOjE1NTk5OTUxMjR9.U7pH1jqLvY71DQ_nvb_XdLiagPNV4SlrvwC7HHURtCw',86400,'2019-06-07 11:58:44','2KwCriVEB9MtvQU8TZPPdAZ53swH8JeZdpOOy94nO0QjNnBWyvSj2np15hNbttC9u3H4KVASRUQePt0nOLdtjvtcRuJJw2JM0hm5ZZwgegNjjhYKmnr2IeDoJY9Z3krGUFKTMY4R1RqJzrRTYRLAHcJDhN8hZsJCSQq2sLXRCTYromtR76T2KjASNbRukaA8R7QlbI5EEOKqD0PgfLxYd3GTK8PdWZOR4eYQl3ufHtiId0DyLFWQ6wcUx7oe2kmx'),(116,24,'eyJhbGciOiJIUzI1NiIsInR5cCI6IkpXVCJ9.eyJpZCI6MjQsIm5hbWUiOiJsb3JpLmxvbGl0YSIsInJvbGUiOiJ0ZWFjaGVyIiwiaWF0IjoxNTU5OTA4NzI4LCJleHAiOjE1NTk5OTUxMjh9.rtSZL4lrB9cgs7fLtLxVOkisMO537fUuZXK2MYyYLyM',86400,'2019-06-07 11:58:48','4vNf6CRTEK8UTpQl4mooEO2cF4ea6nvFhA7N4jrKutt5dtdrGfIeinK7k7AIiytnSGfFlv3rIBFtpCRZRnBZmoXuR0W0OlsqtbqBTKcN4kgI8F9Lef6fD8oVv1BoieN2PQXknZAW21oVqX95xV2xWOd2V8gQ6DHR0DpPrdwFbOEB5L1N8elxojgY3RKaNYSsab6cFbWV6TrlbOfnKDc1k8wu38GdNVZEd2ZLU212VGAgMi3tBydA7xifLtIM6mYd'),(117,111,'eyJhbGciOiJIUzI1NiIsInR5cCI6IkpXVCJ9.eyJpZCI6MTExLCJuYW1lIjoidWFtYmFiYWx1YmEiLCJyb2xlIjoicGFyZW50IiwiaWF0IjoxNTU5OTA4NzQ1LCJleHAiOjE1NTk5OTUxNDV9.zRS4pOE4a0ZghuVcIWhR_53PiqZgywcUfvdIwYupl20',86400,'2019-06-07 11:59:05','dymcExYSKkBSNvyU2m0IzunEzM10a1DrHpxBKMKJc0qeodWzMXePyCW34GEW3juJJjFCEsoTuariYip60xgnd2RnVCcOBzlMFe3A2qJGV2EazqiPAptQBHSVWr6uwhmtDT4CbvQzKBHQxry0ZiCIeHn7xH9yA0pAjoqfMwZO0HfCSonrX89YxMnnn776P5771agLx4ubnt5vB0BGp8H7glu9mjRG2E2mBQGicog0fFoylx0Z7sdbnllYgw4qczQ9'),(118,24,'eyJhbGciOiJIUzI1NiIsInR5cCI6IkpXVCJ9.eyJpZCI6MjQsIm5hbWUiOiJsb3JpLmxvbGl0YSIsInJvbGUiOiJ0ZWFjaGVyIiwiaWF0IjoxNTU5OTA5ODM4LCJleHAiOjE1NTk5OTYyMzh9.n4SafvdLLc8Vfbu7EV_KfGZPiNrJr-v2dodFhaO7AK0',86400,'2019-06-07 12:17:18','JPr2kNe6554BKC5bOBpJAygnOV5h6vfzQsY5rjCDhf0gKytZKxzUhvQ2Ff9oc3QWVsfVJAFNFxzqAzK6criuJY7JKHQxo5w9hy2JVF4kcfLND2nB9lAoq5oilihmlVdgN0jAhHxBmlDE2exvuZz3aNeXyaU7juYiIXoNjKkhNBsRm8adQdd49AZuOJ9vqKjm24bPEr84qAwrHdbXDCWcbkVEAQSGBp5Qox2lxxi3SMU1Zc7Xu1oXDLaMCMhqOPya'),(119,24,'eyJhbGciOiJIUzI1NiIsInR5cCI6IkpXVCJ9.eyJpZCI6MjQsIm5hbWUiOiJsb3JpLmxvbGl0YSIsInJvbGUiOiJ0ZWFjaGVyIiwiaWF0IjoxNTU5OTA5ODg1LCJleHAiOjE1NTk5OTYyODV9.W6ardLXiexXQBeD-BAFF8CCiXwFqT-m0e8L_OgdepzA',86400,'2019-06-07 12:18:05','NNYjcJnTf0wUZ0QHA2vn6n9zxAZvQMNcWIgpuBPqypnZivPgC3PjJQyVFcYrW35Nb95cgL0wGOYYoS9j8sCrR2vtUxUD0NQMfXw2u8YRwaSqHJtacrXx6iYYWWBL95nQuQywK2D5d3j0ZvxM4UnWnC3S6hLVlZ0y9fZoJ2Z1L3cWMKP8jPbIk0Ce4RkZKEnrBogWHON9PUW4TLxM6tyOY421g2AfbMGwZT80H0m4DtGT7xUiVvE6yz1KlOYwsL24'),(120,23,'eyJhbGciOiJIUzI1NiIsInR5cCI6IkpXVCJ9.eyJpZCI6MjMsIm5hbWUiOiJmbGFtaW5nby5zem9tb3J1Iiwicm9sZSI6InBhcmVudCIsImlhdCI6MTU1OTkxMDIzMywiZXhwIjoxNTU5OTk2NjMzfQ.N5DdrP7ITN0qesRx6PjNYXklF-oJZpPMsIORkZh97nk',86400,'2019-06-07 12:23:53','fvqPt2PvwBmZVkwtOrXw4I7vQu0udz8lUKv8xJobF3h4aveGR5Q2olCWBukCU8HeFOFDqYQFjOkkuyKrdBLy53f2qe6rJ9U9iCr6BZ8qhVGDL3dYdyB9i4BNJGci0TsOBLm6nPEEmLREAvv2iSEpXO8iZCxOMhdpkC5bvuprQKrOzG42Ljj7ga8HOnqeVqOxM5aQRI1UymMNhHUcXBN2Dd1uvxtPpqSgKm2z51Ds2tCmHzTgJ5EdYMgQSrD5wEKW'),(121,23,'eyJhbGciOiJIUzI1NiIsInR5cCI6IkpXVCJ9.eyJpZCI6MjMsIm5hbWUiOiJmbGFtaW5nby5zem9tb3J1Iiwicm9sZSI6InBhcmVudCIsImlhdCI6MTU1OTkxMDI5NCwiZXhwIjoxNTU5OTk2Njk0fQ.o1WOdBL70oFbP1OW__0xveV4qSYermEDxFfDZ2-4Jeo',86400,'2019-06-07 12:24:54','yl9Axr5rHOzmXHGlEeVC6tlH5JS6qxCtrSDYgeKXMEYtivMnBFSsophhHW4SSpnAY69ggM9YPQh3iSMa5IFg4HO2wlim9FojdrqrSequ7PUtMaBZpuzGruKg55Z4Z3jEVYcWLkGno3HhpcoSOivipgmB3RKkv9ulfsx1IN0YPkY6p1JtMjgMGAQxVkXJBzHZmkt9Ke6glPiWYsuEvAR7pap9w6TdNms0TrWRvzXvVEhqB2rkqe0aTl3jTJGkSauW'),(122,23,'eyJhbGciOiJIUzI1NiIsInR5cCI6IkpXVCJ9.eyJpZCI6MjMsIm5hbWUiOiJmbGFtaW5nby5zem9tb3J1Iiwicm9sZSI6InBhcmVudCIsImlhdCI6MTU1OTkxMDcxNCwiZXhwIjoxNTU5OTk3MTE0fQ.nZs3Rwczd2f_G7GrS-mg3RIgTOy9biGAPiP0pXulKJU',86400,'2019-06-07 12:31:54','mjsqKnIzWWX96KXluhQ3U1o3aFnY3qWAb5zWcE3awiEccGmbQ21z2RuMyF4Mqv9SsOIIaf4uvPDeYe1PVN8hVcks1zYjwP0BHVMGeCZ48gROWrgNGJhPEWlyvqZVujpNNVVu7XH4teyvTmhDQ7VwwvAdBQ2WV6HarfTHviJ9vCiAvxDuYE2JrTLlHfrYvD82bggfcstyTMtAlAHR16OW9b6pnsHyzkT5Xz0f68CL3lAie2IBPWfjDzRUlW6H8VIX'),(123,23,'eyJhbGciOiJIUzI1NiIsInR5cCI6IkpXVCJ9.eyJpZCI6MjMsIm5hbWUiOiJmbGFtaW5nby5zem9tb3J1Iiwicm9sZSI6InBhcmVudCIsImlhdCI6MTU1OTkxMDcxOSwiZXhwIjoxNTU5OTk3MTE5fQ.SIUCeSffpmJFD3lUUNjBavnP5HrSYrblG3JFlDbkpiw',86400,'2019-06-07 12:31:59','unVTANuhZsBFPyxBaL8JGQ7PzQgdjp8vYOdC3NvJZPbFBs3Z7EgifIFZmA9HnGViHmuDGS9SGXgqdYXM33GtpYxIckOIvOWVrLhUwcympZrfvidlMG9wxLylZUfKW9mETmtNyIYOqqo8wjpKuAlpCcDbBfv1A9NTRstSs9XEOkWloCkChlgG0ZHVdyoooxKuDZaMWix72XdT3klNEPcD5jvrxMSb9n7eH7vZxpo7sUHltxNTraI319EMvg1MBSFG'),(124,24,'eyJhbGciOiJIUzI1NiIsInR5cCI6IkpXVCJ9.eyJpZCI6MjQsIm5hbWUiOiJsb3JpLmxvbGl0YSIsInJvbGUiOiJ0ZWFjaGVyIiwiaWF0IjoxNTU5OTEwNzY2LCJleHAiOjE1NTk5OTcxNjZ9.WuvpC82paEmb56JE3yzhzdkJR6lGcWBXu2Q9zN-qJ2k',86400,'2019-06-07 12:32:46','HV2f8K9LleKT7BjKhUJNR1kcYYUJhJnSekFZTXeZ72cLYCsdXk9TBzTzZnDLtVVhiDCxa8ZJAjmQ1aBrLhK9bPSkI71ynlNmLTPedWLvcT9v9bfCBkduTNqcxiaaFkF4OjR9CTn7OMQzatX3O0SIe762Gmx4NWgA94wyUkWViHz3bRg9pIDdQhA2ki8bloQAiM6DBEV2OmA72I7mSjB2uXiFOZrxjkOQuIl7hlDf5ufCi8wrq1KzwtRr1c8imKtO'),(125,112,'eyJhbGciOiJIUzI1NiIsInR5cCI6IkpXVCJ9.eyJpZCI6MTEyLCJuYW1lIjoic2Vuc2VpIiwicm9sZSI6InBhcmVudCIsImlhdCI6MTU1OTkxMDk2NSwiZXhwIjoxNTU5OTk3MzY1fQ.Vaj9HozEseVrhADqHu7qjl2WXy3L0qDK_xYCtVOxuH4',86400,'2019-06-07 12:36:05','3IQR00kDaPsN8UD078VG6AU1jI5IHfPz7M7QCtmqQZnsgS2dtN5VABW2YiZahklhKpqItKs0gQhCU5iSOAzuPAu6Uh2cHbvgNa8pbeBxB2jYlZWdN4zA61A7IQZfLf94k5dlzwBxOjKuil45P7pqCNalMTnG0Zdrbz5jVpm81XudYtx2eOBbMfffSOumqLHRFK32BLuEuVINdPeu7ggAxYUEavkDwZ78dE8P4slaRUfIzBParH8ZvhvTPf5giRkT'),(126,112,'eyJhbGciOiJIUzI1NiIsInR5cCI6IkpXVCJ9.eyJpZCI6MTEyLCJuYW1lIjoic2Vuc2VpIiwicm9sZSI6InBhcmVudCIsImlhdCI6MTU1OTkxMTAyNSwiZXhwIjoxNTU5OTk3NDI1fQ.BqVmpKK-EKO61dPEOImJpk5F_XzcvAwx8uYhDgC_jrg',86400,'2019-06-07 12:37:05','k7N6uXHGxBXZyvOblGlzdiBe97HxxvMAPILsAmX8ExjOX38uM0M9RcAQSheavQ189dM9mtJhWCmCSsX6MkWWaCvdnZUiwUqbzlVTMx8ZttRf2huqSVMRqrjIXE0o0h0ULuzewQkMH4sskAKtpCwxbfNa8mA2L0GVbcnXXaAqbJgHuor9rTjLPIRDaYia1kK2YYYdNUVdSglIp90zcnMjkctlteX7rqt6Scfl9k1eDfXPm8VeSLT6s8J9lbZNsKFY'),(127,23,'eyJhbGciOiJIUzI1NiIsInR5cCI6IkpXVCJ9.eyJpZCI6MjMsIm5hbWUiOiJmbGFtaW5nby5zem9tb3J1Iiwicm9sZSI6InBhcmVudCIsImlhdCI6MTU1OTkxMjQ3MCwiZXhwIjoxNTU5OTk4ODcwfQ.uh4clbwPwHRVtHDm3a8MEnJU7umTXwsrKGG-MO149Kc',86400,'2019-06-07 13:01:10','dsmJMniYLWiYxuyaSnq5JRZXE42sDVd7L0Wf5Vgr26mI1gG3SSlXiuTXxgrSsT7LSJFpkvlfp1id1zpFnUAajLXhl5KSPzvsPDXVUw411eqwpSjHhQTIhFwyKngXFR9YHQ3YjVe0j7A0YgbJCJ6rp8PLLPKpIXCVnEHMd3tny1iNNSDaTx6rbZc32kKnIbRoZez3yzXppwkv6D4BhrBp6mb94ggsmqwfEXa8WQWGaFYHszMe5qBh1dd6K4ULkz1B'),(128,24,'eyJhbGciOiJIUzI1NiIsInR5cCI6IkpXVCJ9.eyJpZCI6MjQsIm5hbWUiOiJsb3JpLmxvbGl0YSIsInJvbGUiOiJ0ZWFjaGVyIiwiaWF0IjoxNTU5OTEzMDUzLCJleHAiOjE1NTk5OTk0NTN9.yFV41OVWaAKpt5KQzyv8b2hSyUynA-YoprYTh5YWt3w',86400,'2019-06-07 13:10:53','4mQ7uPmrDFqZKplWCIqdDqscQLr7rHbywTa8X6rOtmCRpcYNLTYl88iuRN3PdXbjDYyqneuGZmztZxHOAEoHGNqWN458uLzbqJxYiMAzBUu6CcqkjvFvyfXBEl20dQeBNfM1rJ7aSaGYsjllLrL41CdSvOCyEbGQQaHpkzIscR6eKYwOW3B4cJhFvyH1MkrbPU5rTgPLGkrhfMVzXKVZ5OxVcnYu9Wj4E6LmbalvAvXvQAEOWt8YaAqSh8kMAOoK'),(129,24,'eyJhbGciOiJIUzI1NiIsInR5cCI6IkpXVCJ9.eyJpZCI6MjQsIm5hbWUiOiJsb3JpLmxvbGl0YSIsInJvbGUiOiJ0ZWFjaGVyIiwiaWF0IjoxNTU5OTEzNDQxLCJleHAiOjE1NTk5OTk4NDF9.vXKI7fUCVppwhNPWyOqHyPOyxCdElU-Yfas-mc-jFvE',86400,'2019-06-07 13:17:21','jyM8z2VnEIssaR70KvTvlwOA2OQX1xfJr9euldxcG0RrVRRSAjlvxfuzQ6pxceOyXte5KlCdq90G6UUBvc4hvgH6iRTbrE0N7BQlv27TI4XcYJEFJFRWRinjofvjW54EUMm61WsdjJQNfQrQgBhoopwJ75cy4xOzcw3Of5zFg153vv6zdfjvErZpNiNBhL0r7nxftHd3vDhugvbsEqVzONHgrEMhhjYj7jjlVpmecbsIr6tuKbrdUzbK6hKXYnpx'),(130,24,'eyJhbGciOiJIUzI1NiIsInR5cCI6IkpXVCJ9.eyJpZCI6MjQsIm5hbWUiOiJsb3JpLmxvbGl0YSIsInJvbGUiOiJ0ZWFjaGVyIiwiaWF0IjoxNTU5OTEzNDQ0LCJleHAiOjE1NTk5OTk4NDR9.qHHYSfTSPxnU7TdwFQwYQDdwxOL9kZ_rIFWlwrkZzAA',86400,'2019-06-07 13:17:24','1vUBUnCepqgnVrVwyDfVVRrJgWhv0y7Zf8aiB6YR5CckIiX2BtPWbCeIuG3mjPZJ6AWONtFKW58FpSIege7GnpPPkoxlAVSfbMgAiBJQp5Bl9mvE5BK1yVZgxotoCw9Z0mt5s4OCCMGhs0CUi3tLSBh5zlquTezYb3598J7icgMEeVHOYBIEkeNHlrFl0wDZD5IFMxjTWHPpBbKv2dMirLhyOwuf0l04RxulI8omYdhzcg4mhR4qXHaN4EtgOc30'),(131,23,'eyJhbGciOiJIUzI1NiIsInR5cCI6IkpXVCJ9.eyJpZCI6MjMsIm5hbWUiOiJmbGFtaW5nby5zem9tb3J1Iiwicm9sZSI6InBhcmVudCIsImlhdCI6MTU1OTkxMzg0MSwiZXhwIjoxNTYwMDAwMjQxfQ.qJDtSu4pI2bPh-rYIEA8IWwTobW6_le_cYFEWUhMYq8',86400,'2019-06-07 13:24:01','Rw9pj8FFoKGC0LPZnLexm9NowMZdBz8uPpzC9kj61iWlQTsDSROJFMhonZFEs0RDuqImhiHZPHxvEYiGY9NzAn8dHkKJjmaxsNB17Nt0y9VQUoPvNsql8Mq5uytd6vdL2J2IrKQh7OlBJw7VBg5P0owEDF21y1eu34BSyWthaMCGtUcK28BJtmIRdp42m3Cr29I7TTcEmfKad7wwrcS4fY95eTKKCXOGZdnpR7qH3kUOziStvKvmfrMJpp26h2U3'),(132,23,'eyJhbGciOiJIUzI1NiIsInR5cCI6IkpXVCJ9.eyJpZCI6MjMsIm5hbWUiOiJmbGFtaW5nby5zem9tb3J1Iiwicm9sZSI6InBhcmVudCIsImlhdCI6MTU1OTkxMzg4NiwiZXhwIjoxNTYwMDAwMjg2fQ.j97ymOEHMcmN8qL6tMwH9ogP55CXk9aMflKlILkxvXI',86400,'2019-06-07 13:24:46','OKpWU2kF40UkUiBEJ7BgxrKVrQgLn1YhrcgNbuD2vks4TWKrVoAvi2xW6s7I21I0Oz6lLR7FffE8Pg834XrftEmszuig5mbM5E4mm9bbj2m6rnAQRyBbceDzAAcW0OviztxGyYdDW3hj08gxEkuUTPDsDDfXU0w3KbsXOjqQyhqqD2ltxl7xf4998zZKhVLAWNjhbxnlyt3riAhL2mbvt6yq50hlG3StBCFD50zHBm7byWLCyxFyjtDf6NoWJ4Sa'),(133,106,'eyJhbGciOiJIUzI1NiIsInR5cCI6IkpXVCJ9.eyJpZCI6MTA2LCJuYW1lIjoiYWxleGFuZHJhLm1vcyIsInJvbGUiOiJ0ZWFjaGVyIiwiaWF0IjoxNTU5OTE0MDUyLCJleHAiOjE1NjAwMDA0NTJ9.fad6Ybg9qJz7pMOp_HzffguzmFfocOib1YFkAUIP1xs',86400,'2019-06-07 13:27:32','L9aohmbvNknPW436QoMbOfuVHOPrCT3lAa6myNy6GU47Ostgm9177Sz67APsP8WrTrtfkwKOTBIZRNd4lNKKmsjdNYMoeEtr6Xm2lc646JEAHNBB4cGEUb2qiTnYL6tAl4tOui7ZUQcoecFf1VzTesdkQGRlr1e0rCv2uKPGiAP2J4qZn5G3Vtvanj8dIDu6nwie6ITkzcUOLuCETUXitix0DaXZvmJ2zitGgy2abxigib6izgl0vxV6OzcCumlf'),(134,106,'eyJhbGciOiJIUzI1NiIsInR5cCI6IkpXVCJ9.eyJpZCI6MTA2LCJuYW1lIjoiYWxleGFuZHJhLm1vcyIsInJvbGUiOiJ0ZWFjaGVyIiwiaWF0IjoxNTU5OTE0MDU1LCJleHAiOjE1NjAwMDA0NTV9.nqToGgkB4MG9aCnn_2CUbPRZYzFIDesFXCM3NXxb6mE',86400,'2019-06-07 13:27:35','Tu177hYtpke6e0e0X5Oe2dDThYHYf5mNR3qdvZNyzhAL8PD8RixgLxtc8aywPMsoWdAXp1siYE8fxcvV9zAwwaeN1EAaa3GZHaaL1vMiwd9jYmgxOk7QGRSi6MVwrxoAcfUU9fLawBFLHYCaDFQDiYNtaoP7apu9iOEWALvjhlPRdxCr1V92k6ljokGsIXgCM8r8bDxAoKF7vWb4WBzroGJ8XuChBmXGwEe73v3FJT7fxRkieCsAFSnvzzw5aEeV'),(135,23,'eyJhbGciOiJIUzI1NiIsInR5cCI6IkpXVCJ9.eyJpZCI6MjMsIm5hbWUiOiJmbGFtaW5nby5zem9tb3J1Iiwicm9sZSI6InBhcmVudCIsImlhdCI6MTU1OTkxNDYwMSwiZXhwIjoxNTYwMDAxMDAxfQ.DCRlCrhnoJfaVb2AgmAcGhSwNONQJ4w9GQ9r9YLdFkQ',86400,'2019-06-07 13:36:41','LOGB68xsKPdiiIWqeyqHNuIXDNob4hkS5Ajug1WcGoncBEVu6p6Xq29cUoeKJ4HhvRfG2UuWy8uXhGjsSF4z1i1Do0aaO2Y3FQmaRiOfTnGBL6cTR8sB9PEpaFz9uQfP6258TZ8cw79kObfbkuJfNvOL2ipTHlI06U9u6Nmsck9LXR0VkqxsB8MlaunPF3jT9jpf0ZCxRIRuh7yrBVUiuKBvrmqlEEDCN59MeRMgoTJ5WKkVq4ifln7HvDA4SF8i'),(136,23,'eyJhbGciOiJIUzI1NiIsInR5cCI6IkpXVCJ9.eyJpZCI6MjMsIm5hbWUiOiJmbGFtaW5nby5zem9tb3J1Iiwicm9sZSI6InBhcmVudCIsImlhdCI6MTU1OTkxNDYwMywiZXhwIjoxNTYwMDAxMDAzfQ.AfG8c8pynmBePIv8v-aTF4DTG8kOuoqfrzkvoZEGeXA',86400,'2019-06-07 13:36:43','mbhsEY1kce8IvLzFr5K6BrBLGBoAK95SW8B0KmmPEKYBvQxuhsD4vtLqICAQECVtaTciIpHPy8ccdgoeb1tce7o2BghbXe9pW8KcRRfTyhKhuc58rV6tpveY6mlJfApdaK1M0zanPZPTWgF88vejaKpvLHNry5jGIJzvvwErQaVhuHPWYZ5p1sPQStcTZ6GvYAlCwyshvLDhMUjlyv62HyMGCRtRkLRjuzQpOMI08PQcZwi3rDhsMYoAXEkklFL4'),(137,23,'eyJhbGciOiJIUzI1NiIsInR5cCI6IkpXVCJ9.eyJpZCI6MjMsIm5hbWUiOiJmbGFtaW5nby5zem9tb3J1Iiwicm9sZSI6InBhcmVudCIsImlhdCI6MTU1OTkxNDgzMSwiZXhwIjoxNTYwMDAxMjMxfQ.c5y5b3qPxSfEy4D_XaycyScyTe1Fm5WsOACAT2-Kcew',86400,'2019-06-07 13:40:31','IIKIiQz4KJ2Q36fdRsRtDWtERKsyMNGLlmLICqeW6glNtCMWSpspeNsxgLfiVZACKOfw00yh8Us7ysAby3iSUte0QLZxh79PHhXBuifgxJT6aTJiNUIsBwnYyHVPXtJpn8QEEkagWZyeRm3QTiTzyyatx2LY0YbIsZwzm1ojK8a9q8AXrf2qO2i0xN8wcDGmjliuvuytdjWkx4d1SQNMwCZbd3Ivh8MjfNhUmMtmFb81qPB6WF6peQGQlP5Skx2Q'),(138,23,'eyJhbGciOiJIUzI1NiIsInR5cCI6IkpXVCJ9.eyJpZCI6MjMsIm5hbWUiOiJmbGFtaW5nby5zem9tb3J1Iiwicm9sZSI6InBhcmVudCIsImlhdCI6MTU1OTkxNDg4NSwiZXhwIjoxNTYwMDAxMjg1fQ.dv8tauF2AhjQIjVrAwk_Zav1ejGGNFQ_VEVCJru5HT8',86400,'2019-06-07 13:41:25','rUc3zfqVquMHPTMSXTEponTZm4UpZ5Rc3GjrHjHTVoeH3T1XqKmlnfTLSwvjRPlkgB8EsEPh83G2n2ThIfd2ig2M7EMn13Kz8GehunD1wZc02sNuCtRVnEqimX5etFqTcTN4VLgfUEH3tJfKdqLa5vzBwzhYTrT45RNqCz8tWkUw5oqVVanN2bJKarUe57nx5BpLGqpYVO3AdyoCVRF64AjgI3QVTCaxKUe99l845g6EVw4DxRLnuylRm6DTZtGg'),(139,24,'eyJhbGciOiJIUzI1NiIsInR5cCI6IkpXVCJ9.eyJpZCI6MjQsIm5hbWUiOiJsb3JpLmxvbGl0YSIsInJvbGUiOiJ0ZWFjaGVyIiwiaWF0IjoxNTYwMTYyNTM1LCJleHAiOjE1NjAyNDg5MzV9.D-nPACaXtIhB_E9U6ErcGbb7QbjjsxHKgvTgFVWzqHs',86400,'2019-06-10 10:28:55','bpoii70LnScIpR7UmO2tyreza6x2Bw0yUxBVsjhxJnmB61Q9bHYJj2JsdESUbpojNDB5quzyX4emVVMs5vFOlmBBitWtmIW1hmLHlUuzRHyalGAta9fEOaS4uiQ9m3Jr37dG03AILZOPfkEiqKJUaQp3MlNr2QgNmnj5j98sCEY7FQSskno6OMlmhbdbr7VaC4depyeJ3CMeNCczUXS1Li6QMhvO0zNIzU8lZLlXkr23iR5hyCJSVDZFWPYG1L1m'),(140,24,'eyJhbGciOiJIUzI1NiIsInR5cCI6IkpXVCJ9.eyJpZCI6MjQsIm5hbWUiOiJsb3JpLmxvbGl0YSIsInJvbGUiOiJ0ZWFjaGVyIiwiaWF0IjoxNTYwMTYyNzY2LCJleHAiOjE1NjAyNDkxNjZ9.yc2a6bfCkLKmNPqODD4PJoIFrBhgM6PN0PD3ToiUsUU',86400,'2019-06-10 10:32:46','uutVUhlxmRjLIZNKj9KbuXZXjnnAab0tCq1R7OE5wMe1jWyMracao6igJwpMkdjG5u0oI62GvLagvmibPisx0feNuJ1gheyQt17ELW4AHQo7KhCd783P1esyfVrjf9OAUuX0qdXauGOtZns1czuTHvuY5C84WfzPevsvfFCIcqwWiqjas5FDJiN73XyA0C4rQ8bOLnoTFILgKGdJFqn2nWTehlDUJKw2BFtvz7wdxuGpepxqGwHVC0xB6qqtesQV'),(141,24,'eyJhbGciOiJIUzI1NiIsInR5cCI6IkpXVCJ9.eyJpZCI6MjQsIm5hbWUiOiJsb3JpLmxvbGl0YSIsInJvbGUiOiJ0ZWFjaGVyIiwiaWF0IjoxNTYwMTYyODgzLCJleHAiOjE1NjAyNDkyODN9.nQ402VChPgPMaHUAbNaKeexwapAz7Mo9u2Y0eLur14w',86400,'2019-06-10 10:34:43','vMUiHv0aT3w1g8zriRMMKyGO5T11mEVkIk010EHON4o9VmpFvRClSs1c668VHwc8mGKTeFK7qLMUCSH7wgMcUu93nMp9Koz6eiuNQfEcnWDq8DY5is8YVdzBDuYBCt4IXzfBWgwCCKppzpLEu6eR04UVm7DU20McPZ2DPKChv8mwrgenjkI8kHWGb1nHldt8G64xgoVIrnZBHTTE9XSItvVyVQgWrEfeQm11dkRcAJ7yeyQdDeTDM9jXVDbVBBst'),(142,24,'eyJhbGciOiJIUzI1NiIsInR5cCI6IkpXVCJ9.eyJpZCI6MjQsIm5hbWUiOiJsb3JpLmxvbGl0YSIsInJvbGUiOiJ0ZWFjaGVyIiwiaWF0IjoxNTYwMTYyODk2LCJleHAiOjE1NjAyNDkyOTZ9.3_RyTH0b_c6f_SKcbZL3hdUJhVZfqegcVP0zdDDBuYw',86400,'2019-06-10 10:34:56','Y0RteK7HFyOY5kiWVvb169TW0jVkjiYKZSB9nxZSi6CjliGJzEErlIfPJQsrnKHKRqwRZtE9Ci7rkSaCnqMOqNi2ezl46y0q5rVcW0g5SlCBwsnTePVbckwPqOpDvGUcSAyU6baDE4HTHSqnb1014vZWr9SurPNC1nX2GNuA3UaCioONL4j8NJOjCZunZgPqAQJ0dDnEzHq6XkNxhsOGPUY3ljgNmwYxdDLzPhMH5UAyJHSf5kbybEcKrSe6Jota'),(143,24,'eyJhbGciOiJIUzI1NiIsInR5cCI6IkpXVCJ9.eyJpZCI6MjQsIm5hbWUiOiJsb3JpLmxvbGl0YSIsInJvbGUiOiJ0ZWFjaGVyIiwiaWF0IjoxNTYwMTYzNDk2LCJleHAiOjE1NjAyNDk4OTZ9.XLLpCCrq7vUjpjjc0jDnsQ8luDzxMsGeZ1mrKjkeWE8',86400,'2019-06-10 10:44:56','bco87IWbbUsyJwo5f5zaJgRiw7ktKV8d1nHj2Dib5JR0ajUQsuQOehPBqC7jWeASsAp6pJ5UoqGbnpWLPPTNSmOOrCFAUDFSN11O0ecinpfzvxOobil0mzoBDTpZxivH8ukBnx3ITPO5eAYekMxtcxjEU3vFDTIc1KLIKPTfa95h0dDdfC905xr96vTSTgm29IYbiAftgrZsNHOI7DnZ4wLgvaJ0SvTwE4K6XUUT2LOm3yI5ByO0Gm11d2np7C7e'),(144,24,'eyJhbGciOiJIUzI1NiIsInR5cCI6IkpXVCJ9.eyJpZCI6MjQsIm5hbWUiOiJsb3JpLmxvbGl0YSIsInJvbGUiOiJ0ZWFjaGVyIiwiaWF0IjoxNTYwMTYzNDk5LCJleHAiOjE1NjAyNDk4OTl9.gfs7zt41KsHCJAQ4ZDdMO6Ey7zJsOfdFCYl6V5B7WZw',86400,'2019-06-10 10:44:59','D9C1iOcNBUKE3JTTrmQgUSNJEzS0mTXacxgTCS5PYQEZY96Nm9g4VdNv5MlU1YN0UFWJRWS0zcPnLECgUJ1ZhWxccgLlSDRnNzhfQhWd04IDsMFNX8czTh2wESAwaaVaYDnyaAUYOPPUn1XvBPuGRtCOA3UHZJiysRKHJOZTAsnMYQZYlC0hh5ssOK1ECRo7ofiV8sETwCXKOdt4ojpxPQSYJRKSsVdOyqQlR27CdjoESAiVNQYyZ1cV0WiEIlCs'),(145,24,'eyJhbGciOiJIUzI1NiIsInR5cCI6IkpXVCJ9.eyJpZCI6MjQsIm5hbWUiOiJsb3JpLmxvbGl0YSIsInJvbGUiOiJ0ZWFjaGVyIiwiaWF0IjoxNTYwMTYzNzQwLCJleHAiOjE1NjAyNTAxNDB9.0G2UKCHO09AfoDj9a6YvJzY69czPcHSXgu5KG9zJaoM',86400,'2019-06-10 10:49:00','gidNlCXKEeJ1Z8Rz1vOU02Zy77uYBzDCB1Mbux2mPS9AJ5oOxEv8dkU9Gxkc6neTJEQvxheEitClsUGksEVkaxNJZJB6XoL2sWb6wyP0ikZjqMcIthsPK7sZsiIe3hTLqABGm3YAX5mxNqNfwEvKacipoaPe7Mhb2bI9enNGN0KcVvrmHJqN7n9f1Rk43uVfKQMk63j47FNQG6oaq5hqovQgK3fSgebAtVuRCYhJy5ADcFW0s0zLdPhA919jncxg'),(146,23,'eyJhbGciOiJIUzI1NiIsInR5cCI6IkpXVCJ9.eyJpZCI6MjMsIm5hbWUiOiJmbGFtaW5nby5zem9tb3J1Iiwicm9sZSI6InBhcmVudCIsImlhdCI6MTU2MDE2MzgwMSwiZXhwIjoxNTYwMjUwMjAxfQ.vOd8tgPH_6WyRA5Gm2WL92cnbZafSTRRAsW3-ny8cO0',86400,'2019-06-10 10:50:01','QwynSypWwFKzBnIUALJ3czfFoZ3Ll2WJ1c1ZPwf5Cs87WUJtkpDKFgAQ0JgrEE2gGvVKr5E2PUSXq8AYv3yjkyCgXL4M54l5EZgH8PfQBlLnoGyqHJTru1jsMSPfGN7Hab0Y8OLdCRll91QJC3mUNKGmhuXQro4E1ZqsqNMqn54j6LI3HdXd0QZjsR0yrgnn9OgMjdbir8n5B5Y27VQ7kDA9PjuGKHJI1h4b6VjXoSqXstOubi3eLMPihtYcAdQA'),(147,111,'eyJhbGciOiJIUzI1NiIsInR5cCI6IkpXVCJ9.eyJpZCI6MTExLCJuYW1lIjoidWFtYmFiYWx1YmEiLCJyb2xlIjoicGFyZW50IiwiaWF0IjoxNTYwMTY0MDQ3LCJleHAiOjE1NjAyNTA0NDd9.BK3p7clq_uX1LwXKmMVNVI002qhDbSldimrGoXVX0t0',86400,'2019-06-10 10:54:07','UkH01tP85LDpupz7QHribPs1yxo9JXMLFBG6EAplIAFwW5XVPbwmV8FHrKhFL0e74gQpejBBqp90S04UNj2GEVRXAUWOSQzzFqikRvfv0CtGsqH5q4Qsh8owKmjDBG0HR188Ty263ehIbDg2ClEGKwiOCHAmhCaJKwpKw3gEekOvxI0Sf0erZmNrnqH3dFUIQzqFMjbGJP7vl3TXF9YskKr1iDJu0vhH0U7jMZBjVXBmjpPuIOTnaOtjD7E2Rncx'),(148,112,'eyJhbGciOiJIUzI1NiIsInR5cCI6IkpXVCJ9.eyJpZCI6MTEyLCJuYW1lIjoic2Vuc2VpIiwicm9sZSI6InBhcmVudCIsImlhdCI6MTU2MDE2NDI4MiwiZXhwIjoxNTYwMjUwNjgyfQ.lWOa71gTjX12wt91AAMJRu8WMPtgCyFowhUnD66S87w',86400,'2019-06-10 10:58:02','6eHzWmioFLC8OOW2tMbKjEWvdv90qkJ6cCWEp2V2PUO91PetGtYwJ9nX0rmCZIvUq1ISKHfSwGslypcPxgIWNhZyIZyahJSY1RDpvYXjGAubrPDJvn6ffoxNUqTPS5f55tjS0wDj8qIDJ46cLRBTtlH0GDBtzULzv2eoaSFKDBqepd7sb6LfRCLwd0wchXjMowwwsGXfAEPt05QhWMWsYmkZ6f2iKHUgqfla5ujCJu9EY2GeMbbW9M4jz1cLeq8w'),(149,112,'eyJhbGciOiJIUzI1NiIsInR5cCI6IkpXVCJ9.eyJpZCI6MTEyLCJuYW1lIjoic2Vuc2VpIiwicm9sZSI6InBhcmVudCIsImlhdCI6MTU2MDE2NDQwOCwiZXhwIjoxNTYwMjUwODA4fQ.g8HOkum6W1V5dK_k1qNltK4m9qzKjqWBg6D6gfOsM2s',86400,'2019-06-10 11:00:08','Qrdm7tNtTXsItlN84FMItBb3Iy4OpaZewutVkQTWNEKoRqXLpkNIWYi32tBUJKK5spMspmkJ5TCQMEk1sroqrMHUG8igwbr7H5KULhRgtIlZtjPb8OrAJJ6IFrt33kWclcEL9aTHy6mO17IU8hzlVzUTE2iEuwLEp0adKTSV04BUD51huYzDbdqlDBzib9tLzwSsbmE09H7RVuYynvVOp0h5FRy6w86kPWtES4V8iLAj5QyR4vZ6ZBbkZIOAauFQ'),(150,111,'eyJhbGciOiJIUzI1NiIsInR5cCI6IkpXVCJ9.eyJpZCI6MTExLCJuYW1lIjoidWFtYmFiYWx1YmEiLCJyb2xlIjoicGFyZW50IiwiaWF0IjoxNTYwMTY0NzYzLCJleHAiOjE1NjAyNTExNjN9.i6HkNKbLc9NKN3zwhbfxF99LH4-m8IpJOM1HugSFV4c',86400,'2019-06-10 11:06:03','RDK1rCQspBT5DeqBjMejnODIZUqt0vykw6NFfeTcZYafnMeS7M6dvViRMCJ3V7aOgBhFGLJlLsHCmLky0s4rxmEr2LK2ouaXTJ6PMXWHmgZpU2IhvjmSxkvBfrFUJCfmu72Az5ocseAJLFsjvA9TgnxZ6uBOko9Gf1FPBrR4khXTk46lcoU7vnMWAJW0jMJIds1uYWaYe9bM8MbtsxFZXBJqYXvJk8lFjk3EW94UYknIPSsZsi6zHdj0neuUc5O0'),(151,23,'eyJhbGciOiJIUzI1NiIsInR5cCI6IkpXVCJ9.eyJpZCI6MjMsIm5hbWUiOiJmbGFtaW5nby5zem9tb3J1Iiwicm9sZSI6InBhcmVudCIsImlhdCI6MTU2MDE2NDc5MiwiZXhwIjoxNTYwMjUxMTkyfQ.4-HVmB24-pkxVSgBlEI_ccKNF-5CGVihuQOM7sNUIQM',86400,'2019-06-10 11:06:32','IEsIC0eeF7woX420M6TqiIUubmPTU8KxAkVBtzSmfYcAFDRAqz6Ht8LBtWskXFgcusUDd6diL7CzduVUJZyarxVwoqTwXqxVNWlKPPTnG777vRqrlqBTlYxBh6SzqaTqiKy9tXrK2nJfGA17BPTgwC3sGML8XFKvHU0XoC2H7ZGKo3zjZHA0IGb90AVZOrDIIBD155tUI6iwSJvtbjkfOFcGlpcDJ7WjsypnDpQrLSMgar0ZlQ5vpGT0AGyjoyyy'),(152,24,'eyJhbGciOiJIUzI1NiIsInR5cCI6IkpXVCJ9.eyJpZCI6MjQsIm5hbWUiOiJsb3JpLmxvbGl0YSIsInJvbGUiOiJ0ZWFjaGVyIiwiaWF0IjoxNTYwMTY0ODIzLCJleHAiOjE1NjAyNTEyMjN9.dF7lDe_Y7s7_yuFClDwNKQAodKBCyhIa0_l54Cbh2PI',86400,'2019-06-10 11:07:03','MxBdhkNkxrT2iP9bxXmQaYCJTqT6a3pyhCk6moSWNxXvErDZWlfY2Bcp0XkYHhcfDeFUMJPUDwWSe52bANxq3tcphhCeIt034FHVCSdvaqU8RlaaGdfPPukNxzhK38fs4u7w5a6Yp0e9HDbCxgZtuMNU3ZI900tG65SEz8jMnG9Rn26NEBAjFhaR4w13NrC5ZieAkqeLu4WnyXEOh4GMkGOLkz87X5F6nm9UZqt25NmVJUyuimqjgxI5py5GEWfw'),(153,111,'eyJhbGciOiJIUzI1NiIsInR5cCI6IkpXVCJ9.eyJpZCI6MTExLCJuYW1lIjoidWFtYmFiYWx1YmEiLCJyb2xlIjoicGFyZW50IiwiaWF0IjoxNTYwMTY0ODg2LCJleHAiOjE1NjAyNTEyODZ9.Erbbbt5KcOZPIFumju_de33nrNeCdRSNoVe6mc2ogDc',86400,'2019-06-10 11:08:06','BHSVCjBTliT9sEHBBmV9KM0IIwu9k3PTaCexfx8mzsa3ci5iRDALyWJ3FJDXWDBr1nqL9kt4dtIHldhR1dvNWll3ENP1sbe5C883UwKzl2ocZTrWuQzNIB9Cl2QVXvs6O5pAwdlnRqBqxyNmV7t0cezbcZM8jTmBBQwRQ3JXrvDmRHyrhTatmqYbS39006QlD0uF2fSqIgBzZOQ0oIuXPj4dgdyL68jxHaPAViEV5Y4vNb2xit8nZxYFhdMsUJKY'),(154,111,'eyJhbGciOiJIUzI1NiIsInR5cCI6IkpXVCJ9.eyJpZCI6MTExLCJuYW1lIjoidWFtYmFiYWx1YmEiLCJyb2xlIjoicGFyZW50IiwiaWF0IjoxNTYwMTY2MDA3LCJleHAiOjE1NjAyNTI0MDd9.vnj51Z3RzXHJhzswT6W-Ukc_xjxoL9MOBswR5XG_CgQ',86400,'2019-06-10 11:26:47','qXiyLbxE1SczmMORt64AzAyvpYvY4jEctnT7ciVnXwrpM8FolXveRHeXjQVAT7kuHzBtj3r1qYxGu6FZ9apgBVcFFHSYzNutEE3mzwc4RSYRU1lUxSUhVVmIUNtarN8lEMQzAKJ4dQiPxeonv0fFIKum73d9tKDG2iBbwOARePNKOGyhHXrFUe4tRslDL1ebeapKwpWFD1moltzNfOZJVHoXzhRH1lpe7EnY7ts4eolt6SjYKuzWxuqdnxpr7uNP'),(155,111,'eyJhbGciOiJIUzI1NiIsInR5cCI6IkpXVCJ9.eyJpZCI6MTExLCJuYW1lIjoidWFtYmFiYWx1YmEiLCJyb2xlIjoicGFyZW50IiwiaWF0IjoxNTYwMTY2MDc3LCJleHAiOjE1NjAyNTI0Nzd9.AirzWZWJ3nuNgd6IY28SkwFReF8j_lZhdDZsvV1EZkA',86400,'2019-06-10 11:27:57','6cqGSlgKadmYTxFBFJz416HItloyyNcXdqQNrzNzH8YrCQNHHC1cARjop8pXBExPGTVWdH7CR8qP7dm4JEuKLnLFrd01gl8sln7oUO9oGvWvbW1WS4sREjG0vcZdyml02aFSR20UqXIy48CoEj49S0kktH3giMs9GNf4V9eqqYt20UES4kNVOdMZ1a3l9ELJXI7q0T4J1vLCDPLqnNWWR9aucWmuxEX6i9y4ZsFA4IguiHY2UvuXoWcc1j86KdBP'),(156,111,'eyJhbGciOiJIUzI1NiIsInR5cCI6IkpXVCJ9.eyJpZCI6MTExLCJuYW1lIjoidWFtYmFiYWx1YmEiLCJyb2xlIjoicGFyZW50IiwiaWF0IjoxNTYwMTY2MTIyLCJleHAiOjE1NjAyNTI1MjJ9.fCY5pt6hWl0bmQI8Y5lv4O21VXYjWspLQ-rVbPRg7U8',86400,'2019-06-10 11:28:42','VHB4hJ5e68WPmtFBvMsl8j0ZeTJIz77NU2zjmosWWuVAoFmfYDQf3v9euWPJBd2YZikEUy2xE6cHMmwGB1R89HC87zF8pRSYuroc6sUQcYpl9Fh5ycRTmHwdL6Xdz3FawKZN9FGJANedX8ehoXTkUt5luu2AfRKlfowbCLSb50y3gbiP11myT3Wa2C8klXiU2RRvApWIeLWvg4Cp2hRw56yc6KZ2V2BgEjO33U99XVreW9dzZeQNAK8xjNNfUY7c'),(157,112,'eyJhbGciOiJIUzI1NiIsInR5cCI6IkpXVCJ9.eyJpZCI6MTEyLCJuYW1lIjoic2Vuc2VpIiwicm9sZSI6InBhcmVudCIsImlhdCI6MTU2MDE2NjEzOCwiZXhwIjoxNTYwMjUyNTM4fQ.OBaAkTweECIHdNC6s2wcUv0066xtfkE9rFFguaF1ENg',86400,'2019-06-10 11:28:58','AUZbirsT5WAdGLI57T6zRu2fXdCRMd8Q1VgAtHbAimVhVgYVEQVDUPmpSIXKsCBCiF1J84oedLZdkGcVwlCdkQWuZo8I9weFJoD9aGLA49MAKiy3Gw3ZWgdhilfUbTEJle1yo5xTq0kvXFN29vdyYuBJoJ06bBjVR7HybiHBsylDg2vlKKDWB4ERQuvIKbjoFpCsRGyOijUAnwev5IdgabkJ0McoYJsxFJwvrLi1JTnrthCMqBvwQ7kq7LdbfQqR'),(158,23,'eyJhbGciOiJIUzI1NiIsInR5cCI6IkpXVCJ9.eyJpZCI6MjMsIm5hbWUiOiJmbGFtaW5nby5zem9tb3J1Iiwicm9sZSI6InBhcmVudCIsImlhdCI6MTU2MDE2NjE2MSwiZXhwIjoxNTYwMjUyNTYxfQ.oqAwjnaXviAvqyafyrWW_bYULzNAEoyosNbkDmQ5drY',86400,'2019-06-10 11:29:21','SVOV1JTTI9WDACRBBPIDh4zmk4vgglAgCTjUz8xyQtW2qi5biwfgO3iJ1OwaE6F6CVHIKIAgsPg7D5xQAqH3dIlF96z4foDpmlBGIosBuF9lj09aPWp0kcIIUgOwZfqVsKLgzIF1EbwnLzK7LU7VLShUeRW5WQWeCF7KopDtIuwpvkzmCZ0pQY0TcfkPLG5y9kQCgXjjReOZu1DLpnPAbsNbUf36As0a34vpXLSOSGVuK79y0mueMhNk1UigKANj'),(159,24,'eyJhbGciOiJIUzI1NiIsInR5cCI6IkpXVCJ9.eyJpZCI6MjQsIm5hbWUiOiJsb3JpLmxvbGl0YSIsInJvbGUiOiJ0ZWFjaGVyIiwiaWF0IjoxNTYwMTY2MzExLCJleHAiOjE1NjAyNTI3MTF9.w-nv58b2GzHWx0anjhKQP46a8gTtGh0xle5b_zDQ5ZA',86400,'2019-06-10 11:31:51','udyctsznEImMMve9T1dmuCj0F4PVmnLAAob9yWEZpmrnKraijRUmAmczX6m3g5oDR2W2by67mbHDc8avxgZFTll5oNgU1AEYKq1JuwgpV9J4wcNQAicr0OWcOAfSrUKukhO8j7OSbmDsZVlZhgZlEFnPT1AtRjMP9yLzkds6N9LkAB43mf6FMY4mrHqL3VMVhIleyvm0dyJWCHcpIQI0VLiaYOV4n0do9D9sLghnJjohoGJcWGdJ2FgOywbtmvim'),(160,111,'eyJhbGciOiJIUzI1NiIsInR5cCI6IkpXVCJ9.eyJpZCI6MTExLCJuYW1lIjoidWFtYmFiYWx1YmEiLCJyb2xlIjoicGFyZW50IiwiaWF0IjoxNTYwMTY2Mzg0LCJleHAiOjE1NjAyNTI3ODR9.xJqAeeZG_4LUZCZEh8B6LZOKXLQ6wkcTiDY6EKo_wzI',86400,'2019-06-10 11:33:04','ufekJ1yaWEGLAID6DPlbksxCl1Q5MFMonRA4KEmMwmjWNmTfgHHJjSKguFiJ1HXCRYADEjXsoBDmsMcAZDSjXc24TexIzyqLgUdvdpPKsU8wEa1NRRWvm5S3ni0ILYCAMDHoG3LA1yXSIEoBa9F29vE1KN6QBT7VDKb17FN6jt5dEo7PuekkF61P7tM5V3LMzLlkHnaCEvOCiAHnGOC3tGDvTmt4aCP67Dqyrdq5CwkfJI4B2wCcW3qhKeamDq09'),(161,111,'eyJhbGciOiJIUzI1NiIsInR5cCI6IkpXVCJ9.eyJpZCI6MTExLCJuYW1lIjoidWFtYmFiYWx1YmEiLCJyb2xlIjoicGFyZW50IiwiaWF0IjoxNTYwMTY2NzI0LCJleHAiOjE1NjAyNTMxMjR9.0pT6_wOrJ9SLl2hvOohTRKzVp77tRlwaUjyoGWStQNE',86400,'2019-06-10 11:38:44','iZTRUx486pMQNEOZ0dVaS8V55XJftIVgInzUIP1ZyxBVoR6FszFax8vLBnTO18VPSLORmhJ3NjwSA0PxlZF7LHam1LsssGaJ4MjRnRR0OUPEY9QCMgwfZ9GwZWS6EzrPRIi1nHXpZIJ4zd4eyurudlFgOI8gEAzyNm0z87pqDxjXY2I8fANyIvDHK5ZcDWWjALFkmboZj7PSectPLJvcYgalG1knSND09OeyElaxGDCbjcwFcTm1QBkQiVVcz8Qt'),(162,24,'eyJhbGciOiJIUzI1NiIsInR5cCI6IkpXVCJ9.eyJpZCI6MjQsIm5hbWUiOiJsb3JpLmxvbGl0YSIsInJvbGUiOiJ0ZWFjaGVyIiwiaWF0IjoxNTYwMTY2NzQzLCJleHAiOjE1NjAyNTMxNDN9.-1yuDeFlQHeCWw_Cer7chp4aq4LXb8gJ2M6CSe1kVik',86400,'2019-06-10 11:39:03','lPekmvG2nek0mCceFw4bbmgm0DrQNHrsQ7zXJ8xVyEEgIjm1yGl0tJjfkOcso5GjNiBhAkMetWOEfNnuitHO7HfaCKv8MdnpB1UpZDxc7sWCsVCWwbJqlFN9xkFen1u9Cp2CWT74dvRSBOB8WjRuhNlDKXij3PQrHHKGO5f7vqKc2MdZIiK6ziDIXRv5SdWdxrYhax7ES5YjGHVYrqcgRG6TJRh9k7dA2zCqfgnUzHJeWJjwjqc54w4zKbaOScZx'),(163,111,'eyJhbGciOiJIUzI1NiIsInR5cCI6IkpXVCJ9.eyJpZCI6MTExLCJuYW1lIjoidWFtYmFiYWx1YmEiLCJyb2xlIjoicGFyZW50IiwiaWF0IjoxNTYwMTY2ODY1LCJleHAiOjE1NjAyNTMyNjV9.9k40M_TrCQURjqWjEEP8G-jBHP8qHm9u95GH2UoFNA4',86400,'2019-06-10 11:41:05','qM4ccr8fpbXsPOam2ixpJgiS2ybaXRwOarfdxoWzF1FuXIrQyHddeUHW2awPUjPM1YFtQqtOhmWQwq7HvVs8siqNC23RpoLxXtAC0HzDBkfPXHaDNIbgWkfsv4pEW1FxGrEbjbVp5w84lq4DJggYMVDlStQVrMhwnll9JGmoBSTe61SjouqvWkRfI5ZEGe9cgEKnmXDFDAJeVDdPNXQBtzYnrNbF7ivVOQa5I4iPdrNT9QhgSQDD2iyhgzf25t1r'),(164,24,'eyJhbGciOiJIUzI1NiIsInR5cCI6IkpXVCJ9.eyJpZCI6MjQsIm5hbWUiOiJsb3JpLmxvbGl0YSIsInJvbGUiOiJ0ZWFjaGVyIiwiaWF0IjoxNTYwMTY2ODg0LCJleHAiOjE1NjAyNTMyODR9.5ttpKje4F_FEyDBvo2iCD_hHA5nDhNtIiPZdXVjRQ_0',86400,'2019-06-10 11:41:24','PMqos4EvNcxIP2ClNPgonfn4AduVogT3iC3n6f4FcxFbPsORyCQrhuxmdwJ7F5GZ1bXHAQY377RbwpZzviTTTX0wGpAPOPSoMi9xLRxljGBcu0s4u2sWAq2vQQBB1N7sim0Sz0cSLnBoHmnz2EEf82I1KxW1GGiMJEz7NrAipIDN3lvsV021X67hLQnYPbT3YYqDl3cYt5uHzCObqamNnPTpGAPgdfPIOHag4hFNq4sgoAnYRRhCbTetjMaqxmkC'),(165,111,'eyJhbGciOiJIUzI1NiIsInR5cCI6IkpXVCJ9.eyJpZCI6MTExLCJuYW1lIjoidWFtYmFiYWx1YmEiLCJyb2xlIjoicGFyZW50IiwiaWF0IjoxNTYwMTY2OTY0LCJleHAiOjE1NjAyNTMzNjR9.jJcYSSycJU1H7gDID5H2v8czenpiAaF-HumfRvLJsvo',86400,'2019-06-10 11:42:44','yw845EsJt6QPy5Hfi8RCVzTPiYWvok1GnLmRYkdRjyn8AldZ7sYpN58HazWYuT90z7yZIivc95KQzWr8h03sK1EpoPHt17VXLTxLgrprXZtwsZFb53b8sQrCjFd6XwJXPFYipoJIFxi58jCPtmMRWg566lEqPFXnlwfvNZt5JogsbFOO9XLsj9zj0gwT7gL9eZRu6VQsNqGLYzdTD77r9wvFZsvn2PCgTK9uQ0r4dA6Ad66uiErTeIR6UELz0RgY'),(166,24,'eyJhbGciOiJIUzI1NiIsInR5cCI6IkpXVCJ9.eyJpZCI6MjQsIm5hbWUiOiJsb3JpLmxvbGl0YSIsInJvbGUiOiJ0ZWFjaGVyIiwiaWF0IjoxNTYwMTY2OTk2LCJleHAiOjE1NjAyNTMzOTZ9.hO0FuL8pMvv-bqMDxqMhaEd2un6-PYaO9TOVZJ0hROs',86400,'2019-06-10 11:43:16','7r0vwveX7jSOInK8gK9JbmYJR3LEMjN9JkaUd7L0WWT3tDcaxx2E1hY4BViyJ0Pz9dTpTKa91tA5GfOYHiZctmg2VBfIArAr0zwWO3yw5jjlViTHohbxM6p70EAHXHvEBpFAtl8fUvfCzFJDzAGuI2nUr0LVkOIOj8xahKOR6qiv8aJRk9Y4OO60CwhL8u8ghbnqfTueyNMtyCXSIgUrDQPBEUZa7Q3FqXJNf4iPO3O5IEn0zCa1Xr1CssZHwIDd'),(167,112,'eyJhbGciOiJIUzI1NiIsInR5cCI6IkpXVCJ9.eyJpZCI6MTEyLCJuYW1lIjoic2Vuc2VpIiwicm9sZSI6InBhcmVudCIsImlhdCI6MTU2MDE2NzA3MSwiZXhwIjoxNTYwMjUzNDcxfQ.JIo4pf6sbBK9Doa5gwsrBCUcQeuKNcQ5xSrRiQ_vzRI',86400,'2019-06-10 11:44:31','cHyZjwRGWKqHWits9sFzpvVEni1qy9vSufzEGJlHJbJpuJWFhHvuVjuKQwRj9EGUvQn1rgaRkGxL67YyivgsdgdBGx9HhzjZ9kysUCUGsbf0846q0iPDpZ8s9B9ddFbvgL29lsU7JWpIZmUc4QNcIydnSDf4GKz4iu8MGsTcu6nZq2vnXU8ZF4iCKMMPQiHCEnl5aqbbM31GseRk0AhVP4cDpJO2UlqPqbhPej3s3RLW2H7J0mTVYJJjv7n7Xq9M'),(168,24,'eyJhbGciOiJIUzI1NiIsInR5cCI6IkpXVCJ9.eyJpZCI6MjQsIm5hbWUiOiJsb3JpLmxvbGl0YSIsInJvbGUiOiJ0ZWFjaGVyIiwiaWF0IjoxNTYwMTcwMjUzLCJleHAiOjE1NjAyNTY2NTN9.BtkMZUYJCCR4hDmxM5xceP64_7oQgKVK3z2ABqpnbvA',86400,'2019-06-10 12:37:33','a5osJdbsa1BhBJzJljwLFFXxxcL7xw8YKW133MUXrJnrfZxuPQlvhDM22nYICKrN5OlJiIoGPBnaC6dBwMSjnXjoAiNP8FF2GeY8kOAJ2xKVHgjMWzLkv0WKxpbCgb1k88eBtoLbWQ33EbDZ09bAgTgxnWZpE47SL0lZxMBH4KcH2wuz1BgXHgs58RRn5J9Vabun2Gmz4URCxoshPLPcFKvZ2F7LOA53TNlQwsNrafhk0AgwyiEXE9gAktz4EaEO'),(169,111,'eyJhbGciOiJIUzI1NiIsInR5cCI6IkpXVCJ9.eyJpZCI6MTExLCJuYW1lIjoidWFtYmFiYWx1YmEiLCJyb2xlIjoicGFyZW50IiwiaWF0IjoxNTYwMTcwNzM5LCJleHAiOjE1NjAyNTcxMzl9.hK9nCEowFjRez1Ro9U7JKXRN7juEK-L-qfj63yzg_eE',86400,'2019-06-10 12:45:39','LOomPdaHfBuuqM8TTiUSkCBEZ3eUOwDwXa5j8cRDl0hziDE3iQjLjESBkoqc6JvMnZxoWQc3WIMVxHsPX4hUDoKJjQWsvbtrQTWcuoV3KD9EDkjPwXXP4eUXwwlRVbJ4bumuEsrPpC7RVZdZwcr6Cx0EQ02r5Eg9W8NlyrOqg8wSQgsnC6bjbz9cZll7zNhUN9TJtPPMmySiNLS41RUYsoEKMB2Z6P7H74Ckal5mcH06EkLSSjeUhx71mR0ir07T'),(170,24,'eyJhbGciOiJIUzI1NiIsInR5cCI6IkpXVCJ9.eyJpZCI6MjQsIm5hbWUiOiJsb3JpLmxvbGl0YSIsInJvbGUiOiJ0ZWFjaGVyIiwiaWF0IjoxNTYwMTczMDk1LCJleHAiOjE1NjAyNTk0OTV9.YIll9-7n40sxHgPlpH1QExfbJ41N3f87H8Wv02sQ92E',86400,'2019-06-10 13:24:55','9FP4UYB4nDNZXEkQ6G093ADIJZZvMwd0Av8kExbQGHaqjNptMeCRwBfTdKSes20NicXIzFd0RFkjNgvrFoGm63gi5xlwLulAlHciiEGnNZAZ4Eo9L8iqcEH9Th1yS4RS5i0uPO6NB0UylB9YGdcYMumvp09EHj3R5xi5J8RCaCvcFYsSqrqyGHug8qUMBnzzwbAyoQ09yQpwbaJ0QnlrtIlFYmItokbqaSum2W7V3SV7HXfPU7zAFU6cQH83iBa5'),(171,113,'eyJhbGciOiJIUzI1NiIsInR5cCI6IkpXVCJ9.eyJpZCI6MTEzLCJuYW1lIjoia3VrYXJhY2hhIiwicm9sZSI6InRlYWNoZXIiLCJpYXQiOjE1NjAxNzMxMzEsImV4cCI6MTU2MDI1OTUzMX0.l7M5c_KidZqcfgRowv3KCnaeLdxac0BrVxmFTMmonrg',86400,'2019-06-10 13:25:31','tpkgTLBmhzHwB4TiCaz4FjByIQ7GibcnHN0QLk3xHbrh8b6JFEhVTrhE4huW4e7cLV3UaS0LL3VNP2SLxH7k3i1Rj0VwTeyU2dhxOeWGUQONieIjuVIqhoQPk9bWvHI5WBLlvCAZPokfjNaACDP0hEnULz76MXvP9BeDWvB1qjoKQlk4hd0i4XnGA2mrN2sj7QS0mkfxaq7ZNnw8lTq8UiSVUn6iDsqLE3lmTNbY5VZ5cwpb2olFqvcIAhPJAWa3'),(172,24,'eyJhbGciOiJIUzI1NiIsInR5cCI6IkpXVCJ9.eyJpZCI6MjQsIm5hbWUiOiJsb3JpLmxvbGl0YSIsInJvbGUiOiJ0ZWFjaGVyIiwiaWF0IjoxNTYwMjU5NzA2LCJleHAiOjE1NjAzNDYxMDZ9.tTnFeR-cY1GUtS78ZuiwgQquPziFi9ypJqqd1C07drA',86400,'2019-06-11 13:28:26','1ZbatEH9rtO9QJ329Vfg29SOExaRfc7bIEfw2VcUYUmwcNRTlkR7zAbPGQ7n64s4wXhUPOovNdjPAOimRMLvC3sWUME8Up4W6hli7SSms7H3jfJ1vQoVT63vJfgpqHZCjt0vVpSt2wvfGdNQeyzUBZNba1so5cASY9YbaRkuNl7eM3ESfMZHpdq4FcOpJYHpcq4JVJM2sEsbFSQck6SlQa6801YHaqSpmp8q1fMF18tpIdGUmQk5Gk8wI8sFCDUO'),(173,114,'eyJhbGciOiJIUzI1NiIsInR5cCI6IkpXVCJ9.eyJpZCI6MTE0LCJuYW1lIjoiYXB1LnN6b21vcnUiLCJyb2xlIjoicGFyZW50IiwiaWF0IjoxNTYwMjU5NzkxLCJleHAiOjE1NjAzNDYxOTF9.UNTfk4_kcWqI4mEtBDLzCxG5jKgJNN6_7bW6h2qfUaU',86400,'2019-06-11 13:29:51','AlqvHo3hFVEqiA9m2dZzD8liKZ99UE2B2VhAjLapX0TGLbOqcRvbf5eYHi02KLKEYu9Key76dwJPtiEFDCxgDjThEyIxICUP9AAbpIisovPrRY0suXGCazug5y89kykDl7LTajyOdzB5vRm140qT3GuK2Ftoqa3zciOlV7xnf5Btxuy9OQd0aMle2EsVmPovbPAltsfh7ReIxBdfncArVFndQmYEdEg3ENvZxKiVCxwh8CqjzVThE2rtf0FDNR1L'),(174,115,'eyJhbGciOiJIUzI1NiIsInR5cCI6IkpXVCJ9.eyJpZCI6MTE1LCJuYW1lIjoibWFtYS5zem9tb3J1Iiwicm9sZSI6InBhcmVudCIsImlhdCI6MTU2MDI2MDM3OCwiZXhwIjoxNTYwMzQ2Nzc4fQ.CY9jnVV1qoBp__40nX3lSrsy7fJByWHlNTVQK_2JZI8',86400,'2019-06-11 13:39:38','XQG6djqWyf1p4r0EmdJwTiFLCDCGTtKOdihJNRX0dRReSw09YrADfOKNWuvc766Z94R7uh9OCA45AYS8xhUXvbJUoV93N2YLIv8ZY1SjcPNT5HoXuqdUAvaDrXObWRtba6WD7WJiSHBFg4FsogMBBcDM4GZyL6BzbDPHpM2js3FYSFrlOWkwSorQgKIP9c6hHKCgpjWIlUw3mOUNt9n7j1f4sN6MeLnaB985M0qbePRE6if0bx1zxNOnIhONKvO1'),(175,116,'eyJhbGciOiJIUzI1NiIsInR5cCI6IkpXVCJ9.eyJpZCI6MTE2LCJuYW1lIjoibWFtYS5zem9tb3J1Iiwicm9sZSI6InBhcmVudCIsImlhdCI6MTU2MDI2MDQ2OSwiZXhwIjoxNTYwMzQ2ODY5fQ.VsvVuGqJXvQNpamv559igRCHlAYmOk31wr-BRx_8WA0',86400,'2019-06-11 13:41:09','kHQdThm4yrMdP2BVD2QcQkZ91i0qW8l0oAnnQk37g7pMefUN6NOMAS2oa0uSJujCJ4EtIIdPbck3fwkGuXLbjHcWSz7wtpvAIt5W8tvH1px7XnIdNnBYYPzpRiNCuzCXHUh2SfhU7o8zLhbAVEB0gBLyGiZeBVa8NTOVatfScPCFbSWnnSsZYD2yZN5DgEEL6N7RSHr3n0dQWmU8YRni244GBksiwDHVRn8bFPewUIA2pgB67Tnj0Wb0lzo6K1YV'),(176,24,'eyJhbGciOiJIUzI1NiIsInR5cCI6IkpXVCJ9.eyJpZCI6MjQsIm5hbWUiOiJsb3JpLmxvbGl0YSIsInJvbGUiOiJ0ZWFjaGVyIiwiaWF0IjoxNTYwMjYwNzk0LCJleHAiOjE1NjAzNDcxOTR9.wm5QSp8D9kiHy1zvkN3AiN859Ue2HVxoyaZJr44Tta8',86400,'2019-06-11 13:46:34','4HLK6QlrpruNNXrLDkAaq8UjCAugR1pLywpvD8aABfFxLNyeNzDeitjM6IwIH44bmNkiEySNU84jGcVanu70e5nuTMld7PlmG6UBg5VvVz9HeG0mPklveLtcI45XfWgri7dpcaj21v04BT9YWRFTiTkRMJDQR5ywDJL3FNiNk9G2nHs9yOXL6J5n1kNfRkjG9vSpX5iswfMPwB3iiAtK7XjEEEjNEcrPqOySTvujw12Ki5aSMwLBNrTykXXkt0GC'),(177,117,'eyJhbGciOiJIUzI1NiIsInR5cCI6IkpXVCJ9.eyJpZCI6MTE3LCJuYW1lIjoibWFtYS5zem9tb3J1Iiwicm9sZSI6InBhcmVudCIsImlhdCI6MTU2MDI2MDgxNiwiZXhwIjoxNTYwMzQ3MjE2fQ.sBWUdZtg1aDI6nhSklZKnNFEND-hhM4OeRBC3_SKPIk',86400,'2019-06-11 13:46:56','iGzUjhEvEtbXuMYKtBawM3nTskvvNuRhdoClJ3Sbr1I5vWRsILGhWeoQXTSX2qtnrfreiiq4ytU78oKBdfmEYpIL1YThjTgnrMG6bVssT1KKJLBJrCGXldE8fnPBe29MiBE04Y6XFoT0uAj2QKQ0pGCNWJCvFGMdgvSxfHbGBOhzoJg0BURQdXIytMqCV8nWtpWJKYd39bl72OXAORa2tHz2EO6SLbYnE1XiLkPXZcNn5qd1gW8iJt44BvOdWOex'),(178,118,'eyJhbGciOiJIUzI1NiIsInR5cCI6IkpXVCJ9.eyJpZCI6MTE4LCJuYW1lIjoibWFtYS5zem9tb3J1Iiwicm9sZSI6InBhcmVudCIsImlhdCI6MTU2MDI2MDk5MSwiZXhwIjoxNTYwMzQ3MzkxfQ.R2OVVZzAPDqeRNumZT5nwLdwkHuYD_UyjTtknh0hGAU',86400,'2019-06-11 13:49:51','tLCAy86pn91Csxlm0Uu9ppFgK9I6yAQwuhuMJaBjU3JH2PB45Dk5sjtOt9aRCrBcWrQZ7aShEL6ezcWTlxskETJfDas7TUbcoK0XDaL1jD8pB0P9chCMgGqnH65nou9scBnRXjJkbkwFbllmfOXqDTu1QJPjWj1BD83WtggQxApAMdN44qZlG5igFCiyWzv53nTnec1uM6yNPiBAVibNTPbSaH4kZ5Oa51CBNQ5t8XE2FLqkUYgglb3Vt1kgPRam');
/*!40000 ALTER TABLE `user_token` ENABLE KEYS */;
UNLOCK TABLES;

--
-- Table structure for table `users`
--

DROP TABLE IF EXISTS `users`;
/*!40101 SET @saved_cs_client     = @@character_set_client */;
 SET character_set_client = utf8mb4 ;
CREATE TABLE `users` (
  `pk` int(10) unsigned NOT NULL AUTO_INCREMENT,
  `role` enum('parent','teacher','admin') COLLATE utf8mb4_unicode_ci NOT NULL DEFAULT 'parent',
  `name` varchar(50) COLLATE utf8mb4_unicode_ci NOT NULL,
  `email` varchar(100) COLLATE utf8mb4_unicode_ci DEFAULT NULL,
  `username` varchar(50) COLLATE utf8mb4_unicode_ci DEFAULT NULL,
  `password` varchar(100) COLLATE utf8mb4_unicode_ci DEFAULT NULL,
  PRIMARY KEY (`pk`),
  UNIQUE KEY `username_UNIQUE` (`username`)
) ENGINE=InnoDB AUTO_INCREMENT=119 DEFAULT CHARSET=utf8mb4 COLLATE=utf8mb4_unicode_ci;
/*!40101 SET character_set_client = @saved_cs_client */;

--
-- Dumping data for table `users`
--

LOCK TABLES `users` WRITE;
/*!40000 ALTER TABLE `users` DISABLE KEYS */;
INSERT INTO `users` VALUES (5,'parent','Nicoleta Avram','nicoleta.avram@gmail.com','nicoleta.avram','123123'),(7,'teacher','Denissa Corbuuuuuuu','denissa.corbu@gmail.com','denissa.corbu','123123'),(10,'teacher','Norina Cret','norina.cret@gmail.com','norina.cret','123123'),(20,'admin','Anyu Szomoru','anyu.szomoru@gmail.com','anyu.szomoru','$2a$10$1ucko1jg1kPBA2oR3S2bOOrOkVyqpoh1rNUbDCg4TkhfnWZr2GdjW'),(23,'parent','Flamingo Szomoru','flamingo.szomoru@gmail.com','flamingo.szomoru','$2a$10$rNy/0e.SH3Gw7Oe8r3RWkelhw5sxW53uXMvcSQPs8zmE88QEXsSWC'),(24,'teacher','Lori Lolita','lori.lolita@gmail.com','lori.lolita','$2a$10$xc00oe5apDGTFRaAeP982ufixoqmymPyBeVzZGGqxGOLvwkeCzo8y'),(54,'parent','Patricia Amandus','patricia_amandus@yahoo.de','patricia.amandus',NULL),(66,'admin','Noemi Szomoru','noemi.szomoru@gmail.com','noemi.szomoru','$2a$10$1gme/38OChm15iJqgKlQwu/Z1SRlTuNAwxtXH2PRv0whWTqFM64vy'),(68,'parent','Jozsi Szomoru','szomoru85@gmail.com','jozsi.szomoru',NULL),(70,'parent','Florentin Szomoru','florentin.szomoru@gmail.com','florentin.szomoru','$2a$10$R.pi.9bSzOvvZYhkQprTN.u8PLmbNcip9AjiOJRzL1A3qFUhV9Vg6'),(106,'teacher','Alexandra Mos','noemi.szomoru@gmail.com','alexandra.mos','$2a$10$2yInb5isw1fb3M2z4bkudOUZuuzFcZyIbdpX.MxTNjBFf9Hg0ZJya'),(111,'parent','Uambabaluba','noemi.szomoru@gmail.com','uambabaluba','$2a$10$ARMBVy/eCBYfMoW868mNLuinax/a8kgeKMZShSVm8BLNPlVOIWYcW'),(112,'parent','Sensei','florentin.szomoru@gmail.com','sensei','$2a$10$cZwtJnstMC31G0TXcaHmVOR27gwPKjkyFfvW7dbPQMVX6uDLmuBnK'),(113,'teacher','Kukaracha','noemi.szomoru@gmail.com','kukaracha',NULL),(114,'parent','Apu Szomoru','noemi.szomoru@gmail.com','apu.szomoru',NULL),(118,'parent','Mama Szomoru','noemi.szomoru@gmail.com','mama.szomoru',NULL);
/*!40000 ALTER TABLE `users` ENABLE KEYS */;
UNLOCK TABLES;
/*!40103 SET TIME_ZONE=@OLD_TIME_ZONE */;

/*!40101 SET SQL_MODE=@OLD_SQL_MODE */;
/*!40014 SET FOREIGN_KEY_CHECKS=@OLD_FOREIGN_KEY_CHECKS */;
/*!40014 SET UNIQUE_CHECKS=@OLD_UNIQUE_CHECKS */;
/*!40101 SET CHARACTER_SET_CLIENT=@OLD_CHARACTER_SET_CLIENT */;
/*!40101 SET CHARACTER_SET_RESULTS=@OLD_CHARACTER_SET_RESULTS */;
/*!40101 SET COLLATION_CONNECTION=@OLD_COLLATION_CONNECTION */;
/*!40111 SET SQL_NOTES=@OLD_SQL_NOTES */;

-- Dump completed on 2019-06-12 22:01:20
